date,indicator,source,scale_from_overlap_differences,offset_from_overlap_median,aligned_2510_pixel_equivalent
2023-04-01 00:00:00.000000000,-1047.0,2311,0.058818037143286,84.08564829891603,22.503163409895585
2023-04-01 23:02:46.153846153,-1046.0,2311,0.058818037143286,84.08564829891603,22.561981447038875
2023-04-02 22:05:32.307692307,-1045.0,2311,0.058818037143286,84.08564829891603,22.620799484182157
2023-04-03 21:08:18.461538461,-1044.0,2311,0.058818037143286,84.08564829891603,22.679617521325447
2023-04-04 20:11:04.615384615,-1044.0,2311,0.058818037143286,84.08564829891603,22.679617521325447
2023-04-05 19:13:50.769230769,-1043.0,2311,0.058818037143286,84.08564829891603,22.73843555846873
2023-04-06 18:16:36.923076923,-1042.0,2311,0.058818037143286,84.08564829891603,22.79725359561202
2023-04-07 17:19:23.076923077,-1040.0,2311,0.058818037143286,84.08564829891603,22.914889669898592
2023-04-08 16:22:09.230769230,-1040.0,2311,0.058818037143286,84.08564829891603,22.914889669898592
2023-04-09 15:24:55.384615384,-1039.0,2311,0.058818037143286,84.08564829891603,22.973707707041875
2023-04-10 14:27:41.538461538,-1037.0,2311,0.058818037143286,84.08564829891603,23.091343781328447
2023-04-11 13:30:27.692307692,-1036.0,2311,0.058818037143286,84.08564829891603,23.15016181847173
2023-04-12 12:33:13.846153846,-1036.0,2311,0.058818037143286,84.08564829891603,23.15016181847173
2023-04-13 11:35:59.999999999,-1034.0,2311,0.058818037143286,84.08564829891603,23.267797892758303
2023-04-14 10:38:46.153846154,-1034.0,2311,0.058818037143286,84.08564829891603,23.267797892758303
2023-04-15 09:41:32.307692307,-1034.0,2311,0.058818037143286,84.08564829891603,23.267797892758303
2023-04-16 08:44:18.461538461,-1033.0,2311,0.058818037143286,84.08564829891603,23.326615929901592
2023-04-17 07:47:04.615384615,-1033.0,2311,0.058818037143286,84.08564829891603,23.326615929901592
2023-04-18 06:49:50.769230769,-1033.0,2311,0.058818037143286,84.08564829891603,23.326615929901592
2023-04-19 05:52:36.923076923,-1033.0,2311,0.058818037143286,84.08564829891603,23.326615929901592
2023-04-20 04:55:23.076923076,-1032.0,2311,0.058818037143286,84.08564829891603,23.385433967044875
2023-04-21 03:58:09.230769230,-1032.0,2311,0.058818037143286,84.08564829891603,23.385433967044875
2023-04-22 03:00:55.384615384,-1031.0,2311,0.058818037143286,84.08564829891603,23.444252004188165
2023-04-23 02:03:41.538461538,-1030.0,2311,0.058818037143286,84.08564829891603,23.503070041331448
2023-04-24 01:06:27.692307692,-1030.0,2311,0.058818037143286,84.08564829891603,23.503070041331448
2023-04-25 00:09:13.846153846,-1029.0,2311,0.058818037143286,84.08564829891603,23.561888078474738
2023-04-25 23:11:59.999999999,-1028.0,2311,0.058818037143286,84.08564829891603,23.62070611561802
2023-04-26 22:14:46.153846154,-1027.0,2311,0.058818037143286,84.08564829891603,23.67952415276131
2023-04-27 21:17:32.307692308,-1027.0,2311,0.058818037143286,84.08564829891603,23.67952415276131
2023-04-28 20:20:18.461538461,-1026.0,2311,0.058818037143286,84.08564829891603,23.738342189904593
2023-04-29 19:23:04.615384615,-1025.0,2311,0.058818037143286,84.08564829891603,23.797160227047883
2023-04-30 18:25:50.769230769,-1025.0,2311,0.058818037143286,84.08564829891603,23.797160227047883
2023-05-01 17:28:36.923076923,-1024.0,2311,0.058818037143286,84.08564829891603,23.855978264191165
2023-05-02 16:31:23.076923077,-1023.0,2311,0.058818037143286,84.08564829891603,23.914796301334448
2023-05-03 15:34:09.230769231,-1023.0,2311,0.058818037143286,84.08564829891603,23.914796301334448
2023-05-04 14:36:55.384615384,-1023.0,2311,0.058818037143286,84.08564829891603,23.914796301334448
2023-05-05 13:39:41.538461538,-1022.0,2311,0.058818037143286,84.08564829891603,23.973614338477738
2023-05-06 12:42:27.692307692,-1021.0,2311,0.058818037143286,84.08564829891603,24.03243237562102
2023-05-07 11:45:13.846153846,-1021.0,2311,0.058818037143286,84.08564829891603,24.03243237562102
2023-05-08 10:48:00.000000000,-1019.0,2311,0.058818037143286,84.08564829891603,24.150068449907593
2023-05-09 09:50:46.153846153,-1019.0,2311,0.058818037143286,84.08564829891603,24.150068449907593
2023-05-10 08:53:32.307692307,-1017.0,2311,0.058818037143286,84.08564829891603,24.267704524194166
2023-05-11 07:56:18.461538461,-1017.0,2311,0.058818037143286,84.08564829891603,24.267704524194166
2023-05-12 06:59:04.615384615,-1015.0,2311,0.058818037143286,84.08564829891603,24.385340598480738
2023-05-13 06:01:50.769230769,-1015.0,2311,0.058818037143286,84.08564829891603,24.385340598480738
2023-05-14 05:04:36.923076923,-1013.0,2311,0.058818037143286,84.08564829891603,24.50297667276731
2023-05-15 04:07:23.076923077,-1012.0,2311,0.058818037143286,84.08564829891603,24.5617947099106
2023-05-16 03:10:09.230769230,-1011.0,2311,0.058818037143286,84.08564829891603,24.620612747053883
2023-05-17 02:12:55.384615385,-1010.0,2311,0.058818037143286,84.08564829891603,24.679430784197166
2023-05-18 01:15:41.538461538,-1009.0,2311,0.058818037143286,84.08564829891603,24.738248821340456
2023-05-19 00:18:27.692307692,-1008.0,2311,0.058818037143286,84.08564829891603,24.79706685848374
2023-05-19 23:21:13.846153846,-1006.0,2311,0.058818037143286,84.08564829891603,24.91470293277031
2023-05-20 22:23:59.999999999,-1006.0,2311,0.058818037143286,84.08564829891603,24.91470293277031
2023-05-21 21:26:46.153846153,-1005.0,2311,0.058818037143286,84.08564829891603,24.9735209699136
2023-05-22 20:29:32.307692308,-1004.0,2311,0.058818037143286,84.08564829891603,25.032339007056883
2023-05-23 19:32:18.461538461,-1002.0,2311,0.058818037143286,84.08564829891603,25.149975081343456
2023-05-24 18:35:04.615384616,-1000.0,2311,0.058818037143286,84.08564829891603,25.26761115563003
2023-05-25 17:37:50.769230769,-999.0,2311,0.058818037143286,84.08564829891603,25.32642919277332
2023-05-26 16:40:36.923076923,-997.0,2311,0.058818037143286,84.08564829891603,25.444065267059884
2023-05-27 15:43:23.076923077,-995.0,2311,0.058818037143286,84.08564829891603,25.561701341346456
2023-05-28 14:46:09.230769231,-994.0,2311,0.058818037143286,84.08564829891603,25.620519378489746
2023-05-29 13:48:55.384615384,-992.0,2311,0.058818037143286,84.08564829891603,25.73815545277632
2023-05-30 12:51:41.538461539,-991.0,2311,0.058818037143286,84.08564829891603,25.7969734899196
2023-05-31 11:54:27.692307692,-989.0,2311,0.058818037143286,84.08564829891603,25.914609564206174
2023-06-01 10:57:13.846153846,-987.0,2311,0.058818037143286,84.08564829891603,26.032245638492746
2023-06-02 10:00:00.000000000,-985.0,2311,0.058818037143286,84.08564829891603,26.14988171277932
2023-06-03 09:02:46.153846154,-983.0,2311,0.058818037143286,84.08564829891603,26.26751778706589
2023-06-04 08:05:32.307692308,-981.0,2311,0.058818037143286,84.08564829891603,26.385153861352464
2023-06-05 07:08:18.461538463,-980.0,2311,0.058818037143286,84.08564829891603,26.443971898495747
2023-06-06 06:11:04.615384616,-978.0,2311,0.058818037143286,84.08564829891603,26.56160797278232
2023-06-07 05:13:50.769230769,-976.0,2311,0.058818037143286,84.08564829891603,26.67924404706889
2023-06-08 04:16:36.923076922,-974.0,2311,0.058818037143286,84.08564829891603,26.796880121355464
2023-06-09 03:19:23.076923077,-972.0,2311,0.058818037143286,84.08564829891603,26.914516195642037
2023-06-10 02:22:09.230769231,-971.0,2311,0.058818037143286,84.08564829891603,26.973334232785326
2023-06-11 01:24:55.384615384,-969.0,2311,0.058818037143286,84.08564829891603,27.090970307071892
2023-06-12 00:27:41.538461539,-968.0,2311,0.058818037143286,84.08564829891603,27.14978834421518
2023-06-12 23:30:27.692307692,-966.0,2311,0.058818037143286,84.08564829891603,27.267424418501754
2023-06-13 22:33:13.846153846,-964.0,2311,0.058818037143286,84.08564829891603,27.385060492788327
2023-06-14 21:36:00.000000001,-963.0,2311,0.058818037143286,84.08564829891603,27.44387852993161
2023-06-15 20:38:46.153846154,-961.0,2311,0.058818037143286,84.08564829891603,27.561514604218182
2023-06-16 19:41:32.307692307,-959.0,2311,0.058818037143286,84.08564829891603,27.679150678504755
2023-06-17 18:44:18.461538462,-957.0,2311,0.058818037143286,84.08564829891603,27.796786752791327
2023-06-18 17:47:04.615384615,-956.0,2311,0.058818037143286,84.08564829891603,27.85560478993461
2023-06-19 16:49:50.769230769,-954.0,2311,0.058818037143286,84.08564829891603,27.973240864221182
2023-06-20 15:52:36.923076923,-951.0,2311,0.058818037143286,84.08564829891603,28.149694975651045
2023-06-21 14:55:23.076923078,-950.0,2311,0.058818037143286,84.08564829891603,28.208513012794327
2023-06-22 13:58:09.230769231,-947.0,2311,0.058818037143286,84.08564829891603,28.38496712422419
2023-06-23 13:00:55.384615384,-943.0,2311,0.058818037143286,84.08564829891603,28.620239272797328
2023-06-24 12:03:41.538461539,-938.0,2311,0.058818037143286,84.08564829891603,28.914329458513762
2023-06-25 11:06:27.692307693,-932.0,2311,0.058818037143286,84.08564829891603,29.26723768137348
2023-06-26 10:09:13.846153846,-927.0,2311,0.058818037143286,84.08564829891603,29.561327867089908
2023-06-27 09:12:00.000000001,-921.0,2311,0.058818037143286,84.08564829891603,29.914236089949625
2023-06-28 08:14:46.153846154,-914.0,2311,0.058818037143286,84.08564829891603,30.325962349952626
2023-06-29 07:17:32.307692307,-908.0,2311,0.058818037143286,84.08564829891603,30.678870572812343
2023-06-30 06:20:18.461538460,-904.0,2311,0.058818037143286,84.08564829891603,30.91414272138549
2023-07-01 05:23:04.615384615,-899.0,2311,0.058818037143286,84.08564829891603,31.208232907101916
2023-07-02 04:25:50.769230770,-894.0,2311,0.058818037143286,84.08564829891603,31.502323092818344
2023-07-03 03:28:36.923076923,-890.0,2311,0.058818037143286,84.08564829891603,31.73759524139149
2023-07-04 02:31:23.076923077,-887.0,2311,0.058818037143286,84.08564829891603,31.914049352821344
2023-07-05 01:34:09.230769230,-882.0,2311,0.058818037143286,84.08564829891603,32.20813953853778
2023-07-06 00:36:55.384615385,-878.0,2311,0.058818037143286,84.08564829891603,32.443411687110924
2023-07-06 23:39:41.538461540,-873.0,2311,0.058818037143286,84.08564829891603,32.73750187282735
2023-07-07 22:42:27.692307692,-869.0,2311,0.058818037143286,84.08564829891603,32.9727740214005
2023-07-08 21:45:13.846153846,-865.0,2311,0.058818037143286,84.08564829891603,33.20804616997364
2023-07-09 20:47:59.999999998,-863.0,2311,0.058818037143286,84.08564829891603,33.325682244260214
2023-07-10 19:50:46.153846154,-860.0,2311,0.058818037143286,84.08564829891603,33.50213635569007
2023-07-11 18:53:32.307692306,-856.0,2311,0.058818037143286,84.08564829891603,33.737408504263215
2023-07-12 17:56:18.461538462,-853.0,2311,0.058818037143286,84.08564829891603,33.91386261569307
2023-07-13 16:59:04.615384616,-850.0,2311,0.058818037143286,84.08564829891603,34.09031672712293
2023-07-14 16:01:50.769230770,-847.0,2311,0.058818037143286,84.08564829891603,34.26677083855279
2023-07-15 15:04:36.923076922,-844.0,2311,0.058818037143286,84.08564829891603,34.44322494998264
2023-07-16 14:07:23.076923078,-841.0,2311,0.058818037143286,84.08564829891603,34.619679061412505
2023-07-17 13:10:09.230769232,-837.0,2311,0.058818037143286,84.08564829891603,34.85495120998565
2023-07-18 12:12:55.384615384,-833.0,2311,0.058818037143286,84.08564829891603,35.09022335855879
2023-07-19 11:15:41.538461538,-829.0,2311,0.058818037143286,84.08564829891603,35.32549550713193
2023-07-20 10:18:27.692307692,-827.0,2311,0.058818037143286,84.08564829891603,35.443131581418506
2023-07-21 09:21:13.846153846,-823.0,2311,0.058818037143286,84.08564829891603,35.67840372999165
2023-07-22 08:23:59.999999998,-819.0,2311,0.058818037143286,84.08564829891603,35.913675878564796
2023-07-23 07:26:46.153846154,-816.0,2311,0.058818037143286,84.08564829891603,36.09012998999465
2023-07-24 06:29:32.307692308,-810.0,2311,0.058818037143286,84.08564829891603,36.44303821285437
2023-07-25 05:32:18.461538462,-806.0,2311,0.058818037143286,84.08564829891603,36.67831036142751
2023-07-26 04:35:04.615384616,-800.0,2311,0.058818037143286,84.08564829891603,37.03121858428723
2023-07-27 03:37:50.769230768,-794.0,2311,0.058818037143286,84.08564829891603,37.38412680714694
2023-07-28 02:40:36.923076924,-789.0,2311,0.058818037143286,84.08564829891603,37.678216992863376
2023-07-29 01:43:23.076923078,-781.0,2311,0.058818037143286,84.08564829891603,38.14876129000966
2023-07-30 00:46:09.230769232,-776.0,2311,0.058818037143286,84.08564829891603,38.442851475726094
2023-07-30 23:48:55.384615384,-772.0,2311,0.058818037143286,84.08564829891603,38.67812362429924
2023-07-31 22:51:41.538461538,-767.0,2311,0.058818037143286,84.08564829891603,38.97221381001567
2023-08-01 21:54:27.692307692,-764.0,2311,0.058818037143286,84.08564829891603,39.14866792144552
2023-08-02 20:57:13.846153846,-763.0,2311,0.058818037143286,84.08564829891603,39.20748595858881
2023-08-03 20:00:00.000000000,-761.0,2311,0.058818037143286,84.08564829891603,39.325122032875385
2023-08-04 19:02:46.153846154,-758.0,2311,0.058818037143286,84.08564829891603,39.50157614430524
2023-08-05 18:05:32.307692308,-756.0,2311,0.058818037143286,84.08564829891603,39.61921221859181
2023-08-06 17:08:18.461538460,-755.0,2311,0.058818037143286,84.08564829891603,39.6780302557351
2023-08-07 16:11:04.615384616,-751.0,2311,0.058818037143286,84.08564829891603,39.91330240430824
2023-08-08 15:13:50.769230770,-750.0,2311,0.058818037143286,84.08564829891603,39.97212044145153
2023-08-09 14:16:36.923076926,-747.0,2311,0.058818037143286,84.08564829891603,40.148574552881385
2023-08-10 13:19:23.076923076,-746.0,2311,0.058818037143286,84.08564829891603,40.207392590024675
2023-08-11 12:22:09.230769232,-744.0,2311,0.058818037143286,84.08564829891603,40.32502866431125
2023-08-12 11:24:55.384615386,-742.0,2311,0.058818037143286,84.08564829891603,40.44266473859782
2023-08-13 10:27:41.538461538,-740.0,2311,0.058818037143286,84.08564829891603,40.560300812884385
2023-08-14 09:30:27.692307692,-738.0,2311,0.058818037143286,84.08564829891603,40.67793688717096
2023-08-15 08:33:13.846153844,-737.0,2311,0.058818037143286,84.08564829891603,40.73675492431425
2023-08-16 07:36:00.000000000,-736.0,2311,0.058818037143286,84.08564829891603,40.79557296145753
2023-08-17 06:38:46.153846154,-737.0,2311,0.058818037143286,84.08564829891603,40.73675492431425
2023-08-18 05:41:32.307692308,-737.0,2311,0.058818037143286,84.08564829891603,40.73675492431425
2023-08-19 04:44:18.461538462,-738.0,2311,0.058818037143286,84.08564829891603,40.67793688717096
2023-08-20 03:47:04.615384616,-739.0,2311,0.058818037143286,84.08564829891603,40.619118850027675
2023-08-21 02:49:50.769230768,-740.0,2311,0.058818037143286,84.08564829891603,40.560300812884385
2023-08-22 01:52:36.923076922,-741.0,2311,0.058818037143286,84.08564829891603,40.5014827757411
2023-08-23 00:55:23.076923078,-741.0,2311,0.058818037143286,84.08564829891603,40.5014827757411
2023-08-23 23:58:09.230769228,-742.0,2311,0.058818037143286,84.08564829891603,40.44266473859782
2023-08-24 23:00:55.384615384,-739.0,2311,0.058818037143286,84.08564829891603,40.619118850027675
2023-08-25 22:03:41.538461538,-737.0,2311,0.058818037143286,84.08564829891603,40.73675492431425
2023-08-26 21:06:27.692307692,-735.0,2311,0.058818037143286,84.08564829891603,40.85439099860082
2023-08-27 20:09:13.846153846,-732.0,2311,0.058818037143286,84.08564829891603,41.030845110030675
2023-08-28 19:12:00.000000002,-729.0,2311,0.058818037143286,84.08564829891603,41.20729922146054
2023-08-29 18:14:46.153846154,-727.0,2311,0.058818037143286,84.08564829891603,41.3249352957471
2023-08-30 17:17:32.307692308,-725.0,2311,0.058818037143286,84.08564829891603,41.442571370033676
2023-08-31 16:20:18.461538464,-722.0,2311,0.058818037143286,84.08564829891603,41.61902548146354
2023-09-01 15:23:04.615384614,-720.0,2311,0.058818037143286,84.08564829891603,41.73666155575011
2023-09-02 14:25:50.769230770,-718.0,2311,0.058818037143286,84.08564829891603,41.85429763003668
2023-09-03 13:28:36.923076924,-717.0,2311,0.058818037143286,84.08564829891603,41.913115667179966
2023-09-04 12:31:23.076923076,-714.0,2311,0.058818037143286,84.08564829891603,42.08956977860982
2023-09-05 11:34:09.230769230,-713.0,2311,0.058818037143286,84.08564829891603,42.14838781575311
2023-09-06 10:36:55.384615384,-711.0,2311,0.058818037143286,84.08564829891603,42.26602389003968
2023-09-07 09:39:41.538461538,-709.0,2311,0.058818037143286,84.08564829891603,42.383659964326256
2023-09-08 08:42:27.692307692,-707.0,2311,0.058818037143286,84.08564829891603,42.50129603861283
2023-09-09 07:45:13.846153846,-700.0,2311,0.058818037143286,84.08564829891603,42.91302229861583
2023-09-10 06:48:00.000000000,-696.0,2311,0.058818037143286,84.08564829891603,43.148294447188974
2023-09-11 05:50:46.153846156,-689.0,2311,0.058818037143286,84.08564829891603,43.560020707191974
2023-09-12 04:53:32.307692306,-685.0,2311,0.058818037143286,84.08564829891603,43.79529285576512
2023-09-13 03:56:18.461538462,-679.0,2311,0.058818037143286,84.08564829891603,44.14820107862484
2023-09-14 02:59:04.615384616,-673.0,2311,0.058818037143286,84.08564829891603,44.50110930148455
2023-09-15 02:01:50.769230768,-667.0,2311,0.058818037143286,84.08564829891603,44.854017524344265
2023-09-16 01:04:36.923076922,-663.0,2311,0.058818037143286,84.08564829891603,45.08928967291741
2023-09-17 00:07:23.076923078,-660.0,2311,0.058818037143286,84.08564829891603,45.265743784347265
2023-09-17 23:10:09.230769230,-657.0,2311,0.058818037143286,84.08564829891603,45.44219789577713
2023-09-18 22:12:55.384615386,-654.0,2311,0.058818037143286,84.08564829891603,45.61865200720698
2023-09-19 21:15:41.538461538,-651.0,2311,0.058818037143286,84.08564829891603,45.795106118636845
2023-09-20 20:18:27.692307692,-649.0,2311,0.058818037143286,84.08564829891603,45.91274219292342
2023-09-21 19:21:13.846153848,-647.0,2311,0.058818037143286,84.08564829891603,46.03037826720999
2023-09-22 18:24:00.000000002,-643.0,2311,0.058818037143286,84.08564829891603,46.26565041578313
2023-09-23 17:26:46.153846154,-642.0,2311,0.058818037143286,84.08564829891603,46.32446845292642
2023-09-24 16:29:32.307692308,-643.0,2311,0.058818037143286,84.08564829891603,46.26565041578313
2023-09-25 15:32:18.461538460,-644.0,2311,0.058818037143286,84.08564829891603,46.206832378639845
2023-09-26 14:35:04.615384614,-645.0,2311,0.058818037143286,84.08564829891603,46.148014341496555
2023-09-27 13:37:50.769230768,-647.0,2311,0.058818037143286,84.08564829891603,46.03037826720999
2023-09-28 12:40:36.923076920,-648.0,2311,0.058818037143286,84.08564829891603,45.9715602300667
2023-09-29 11:43:23.076923078,-649.0,2311,0.058818037143286,84.08564829891603,45.91274219292342
2023-09-30 10:46:09.230769230,-651.0,2311,0.058818037143286,84.08564829891603,45.795106118636845
2023-10-01 09:48:55.384615384,-651.0,2311,0.058818037143286,84.08564829891603,45.795106118636845
2023-10-02 08:51:41.538461540,-651.0,2311,0.058818037143286,84.08564829891603,45.795106118636845
2023-10-03 07:54:27.692307694,-651.0,2311,0.058818037143286,84.08564829891603,45.795106118636845
2023-10-04 06:57:13.846153846,-649.0,2311,0.058818037143286,84.08564829891603,45.91274219292342
2023-10-05 06:00:00.000000000,-649.0,2311,0.058818037143286,84.08564829891603,45.91274219292342
2023-10-06 05:02:46.153846154,-648.0,2311,0.058818037143286,84.08564829891603,45.9715602300667
2023-10-07 04:05:32.307692306,-647.0,2311,0.058818037143286,84.08564829891603,46.03037826720999
2023-10-08 03:08:18.461538460,-647.0,2311,0.058818037143286,84.08564829891603,46.03037826720999
2023-10-09 02:11:04.615384616,-646.0,2311,0.058818037143286,84.08564829891603,46.08919630435327
2023-10-10 01:13:50.769230770,-645.0,2311,0.058818037143286,84.08564829891603,46.148014341496555
2023-10-11 00:16:36.923076922,-643.0,2311,0.058818037143286,84.08564829891603,46.26565041578313
2023-10-11 23:19:23.076923080,-642.0,2311,0.058818037143286,84.08564829891603,46.32446845292642
2023-10-12 22:22:09.230769232,-642.0,2311,0.058818037143286,84.08564829891603,46.32446845292642
2023-10-13 21:24:55.384615384,-640.0,2311,0.058818037143286,84.08564829891603,46.44210452721299
2023-10-14 20:27:41.538461540,-639.0,2311,0.058818037143286,84.08564829891603,46.50092256435627
2023-10-15 19:30:27.692307692,-638.0,2311,0.058818037143286,84.08564829891603,46.55974060149956
2023-10-16 18:33:13.846153848,-637.0,2311,0.058818037143286,84.08564829891603,46.618558638642845
2023-10-17 17:35:59.999999996,-637.0,2311,0.058818037143286,84.08564829891603,46.618558638642845
2023-10-18 16:38:46.153846152,-637.0,2311,0.058818037143286,84.08564829891603,46.618558638642845
2023-10-19 15:41:32.307692308,-636.0,2311,0.058818037143286,84.08564829891603,46.677376675786135
2023-10-20 14:44:18.461538464,-636.0,2311,0.058818037143286,84.08564829891603,46.677376675786135
2023-10-21 13:47:04.615384612,-635.0,2311,0.058818037143286,84.08564829891603,46.73619471292942
2023-10-22 12:49:50.769230772,-635.0,2311,0.058818037143286,84.08564829891603,46.73619471292942
2023-10-23 11:52:36.923076924,-635.0,2311,0.058818037143286,84.08564829891603,46.73619471292942
2023-10-24 10:55:23.076923076,-635.0,2311,0.058818037143286,84.08564829891603,46.73619471292942
2023-10-25 09:58:09.230769232,-634.0,2311,0.058818037143286,84.08564829891603,46.79501275007271
2023-10-26 09:00:55.384615384,-633.0,2311,0.058818037143286,84.08564829891603,46.85383078721599
2023-10-27 08:03:41.538461540,-631.0,2311,0.058818037143286,84.08564829891603,46.97146686150256
2023-10-28 07:06:27.692307692,-630.0,2311,0.058818037143286,84.08564829891603,47.030284898645846
2023-10-29 06:09:13.846153844,-628.0,2311,0.058818037143286,84.08564829891603,47.14792097293242
2023-10-30 05:12:00.000000000,-627.0,2311,0.058818037143286,84.08564829891603,47.20673901007571
2023-10-31 04:14:46.153846156,-626.0,2311,0.058818037143286,84.08564829891603,47.26555704721899
2023-03-30 00:00:00.000000000,26.0,2504,0.1152095683399165,54.787785755968855,57.78323453280668
2023-04-06 00:00:00.000000000,27.0,2504,0.1152095683399165,54.787785755968855,57.8984441011466
2023-04-13 00:00:00.000000001,26.0,2504,0.1152095683399165,54.787785755968855,57.78323453280668
2023-04-20 00:00:00.000000001,25.0,2504,0.1152095683399165,54.787785755968855,57.66802496446677
2023-04-27 00:00:00.000000002,27.0,2504,0.1152095683399165,54.787785755968855,57.8984441011466
2023-05-04 00:00:00.000000002,28.0,2504,0.1152095683399165,54.787785755968855,58.013653669486516
2023-05-11 00:00:00.000000003,28.0,2504,0.1152095683399165,54.787785755968855,58.013653669486516
2023-05-18 00:00:00.000000003,28.0,2504,0.1152095683399165,54.787785755968855,58.013653669486516
2023-05-25 00:00:00.000000005,30.0,2504,0.1152095683399165,54.787785755968855,58.24407280616635
2023-06-01 00:00:00.000000005,33.0,2504,0.1152095683399165,54.787785755968855,58.5897015111861
2023-06-08 00:00:00.000000005,36.0,2504,0.1152095683399165,54.787785755968855,58.93533021620585
2023-06-15 00:00:00.000000007,32.0,2504,0.1152095683399165,54.787785755968855,58.474491942846186
2023-06-22 00:00:00.000000007,35.0,2504,0.1152095683399165,54.787785755968855,58.820120647865934
2023-06-29 00:00:00.000000007,37.0,2504,0.1152095683399165,54.787785755968855,59.05053978454576
2023-07-06 00:00:00.000000007,38.0,2504,0.1152095683399165,54.787785755968855,59.16574935288568
2023-07-13 00:00:00.000000010,60.0,2504,0.1152095683399165,54.787785755968855,61.700359856363846
2023-07-20 00:00:00.000000010,62.0,2504,0.1152095683399165,54.787785755968855,61.930778993043674
2023-07-27 00:00:00.000000014,63.0,2504,0.1152095683399165,54.787785755968855,62.045988561383595
2023-08-03 00:00:00.000000010,66.0,2504,0.1152095683399165,54.787785755968855,62.391617266403344
2023-08-10 00:00:00.000000008,69.0,2504,0.1152095683399165,54.787785755968855,62.73724597142309
2023-08-17 00:00:00.000000010,65.0,2504,0.1152095683399165,54.787785755968855,62.27640769806343
2023-08-24 00:00:00.000000014,67.0,2504,0.1152095683399165,54.787785755968855,62.50682683474326
2023-08-31 00:00:00.000000014,72.0,2504,0.1152095683399165,54.787785755968855,63.08287467644284
2023-09-07 00:00:00.000000014,69.0,2504,0.1152095683399165,54.787785755968855,62.73724597142309
2023-09-14 00:00:00.000000014,69.0,2504,0.1152095683399165,54.787785755968855,62.73724597142309
2023-09-21 00:00:00.000000016,66.0,2504,0.1152095683399165,54.787785755968855,62.391617266403344
2023-09-28 00:00:00.000000014,74.0,2504,0.1152095683399165,54.787785755968855,63.31329381312268
2023-10-05 00:00:00.000000014,67.0,2504,0.1152095683399165,54.787785755968855,62.50682683474326
2023-10-12 00:00:00.000000014,66.0,2504,0.1152095683399165,54.787785755968855,62.391617266403344
2023-10-19 00:00:00.000000022,70.0,2504,0.1152095683399165,54.787785755968855,62.852455539763014
2023-10-26 00:00:00.000000020,75.0,2504,0.1152095683399165,54.787785755968855,63.42850338146259
2024-01-04 00:00:00.000000020,79.0,2504,0.1152095683399165,54.787785755968855,63.88934165482226
2024-02-01 00:00:00.000000028,90.0,2504,0.1152095683399165,54.787785755968855,65.15664690656133
2024-03-14 00:00:00.000000032,96.0,2504,0.1152095683399165,54.787785755968855,65.84790431660085
2024-04-04 00:00:00.000000032,105.0,2504,0.1152095683399165,54.787785755968855,66.8847904316601
2024-04-18 00:00:00.000000032,107.0,2504,0.1152095683399165,54.787785755968855,67.11520956833992
2024-05-02 00:00:00.000000036,101.0,2504,0.1152095683399165,54.787785755968855,66.42395215830042
2024-05-16 00:00:00.000000028,103.0,2504,0.1152095683399165,54.787785755968855,66.65437129498025
2024-05-23 00:00:00.000000040,116.0,2504,0.1152095683399165,54.787785755968855,68.15209568339917
2024-05-30 00:00:00.000000040,109.0,2504,0.1152095683399165,54.787785755968855,67.34562870501975
2024-06-06 00:00:00.000000032,118.0,2504,0.1152095683399165,54.787785755968855,68.382514820079
2024-06-13 00:00:00.000000032,100.0,2504,0.1152095683399165,54.787785755968855,66.3087425899605
2024-06-27 00:00:00.000000040,107.0,2504,0.1152095683399165,54.787785755968855,67.11520956833992
2024-07-04 00:00:00.000000048,108.0,2504,0.1152095683399165,54.787785755968855,67.23041913667984
2024-07-11 00:00:00.000000040,111.0,2504,0.1152095683399165,54.787785755968855,67.57604784169959
2024-07-18 00:00:00.000000040,113.0,2504,0.1152095683399165,54.787785755968855,67.80646697837942
2024-07-25 00:00:00.000000048,123.0,2504,0.1152095683399165,54.787785755968855,68.95856266177859
2024-08-01 00:00:00.000000032,117.0,2504,0.1152095683399165,54.787785755968855,68.26730525173909
2024-08-08 00:00:00.000000040,116.0,2504,0.1152095683399165,54.787785755968855,68.15209568339917
2024-08-15 00:00:00.000000040,118.0,2504,0.1152095683399165,54.787785755968855,68.382514820079
2024-08-22 00:00:00.000000048,127.0,2504,0.1152095683399165,54.787785755968855,69.41940093513826
2024-08-29 00:00:00.000000056,124.0,2504,0.1152095683399165,54.787785755968855,69.0737722301185
2024-09-05 00:00:00.000000040,127.0,2504,0.1152095683399165,54.787785755968855,69.41940093513826
2024-09-12 00:00:00.000000040,130.0,2504,0.1152095683399165,54.787785755968855,69.765029640158
2024-09-19 00:00:00.000000056,140.0,2504,0.1152095683399165,54.787785755968855,70.91712532355717
2024-09-26 00:00:00.000000040,139.0,2504,0.1152095683399165,54.787785755968855,70.80191575521725
2024-10-03 00:00:00.000000056,130.0,2504,0.1152095683399165,54.787785755968855,69.765029640158
2024-10-10 00:00:00.000000040,141.0,2504,0.1152095683399165,54.787785755968855,71.03233489189708
2024-10-17 00:00:00.000000056,142.0,2504,0.1152095683399165,54.787785755968855,71.147544460237
2024-10-24 00:00:00.000000056,146.0,2504,0.1152095683399165,54.787785755968855,71.60838273359667
2024-10-31 00:00:00.000000056,131.0,2504,0.1152095683399165,54.787785755968855,69.88023920849791
2024-11-07 00:00:00.000000056,131.0,2504,0.1152095683399165,54.787785755968855,69.88023920849791
2024-11-14 00:00:00.000000056,128.0,2504,0.1152095683399165,54.787785755968855,69.53461050347816
2024-11-21 00:00:00.000000056,149.0,2504,0.1152095683399165,54.787785755968855,71.95401143861642
2024-11-28 00:00:00.000000056,145.0,2504,0.1152095683399165,54.787785755968855,71.49317316525675
2024-12-05 00:00:00.000000056,155.0,2504,0.1152095683399165,54.787785755968855,72.64526884865592
2024-12-12 00:00:00.000000056,156.0,2504,0.1152095683399165,54.787785755968855,72.76047841699582
2024-12-19 00:00:00.000000056,179.0,2504,0.1152095683399165,54.787785755968855,75.41029848881391
2024-12-26 00:00:00.000000056,188.0,2504,0.1152095683399165,54.787785755968855,76.44718460387315
2025-01-02 00:00:00.000000056,190.0,2504,0.1152095683399165,54.787785755968855,76.677603740553
2025-01-09 00:00:00.000000056,205.0,2504,0.1152095683399165,54.787785755968855,78.40574726565174
2025-01-16 00:00:00.000000056,209.0,2504,0.1152095683399165,54.787785755968855,78.8665855390114
2025-01-23 00:00:00.000000056,232.0,2504,0.1152095683399165,54.787785755968855,81.51640561082948
2025-01-30 00:00:00.000000056,215.0,2504,0.1152095683399165,54.787785755968855,79.5578429490509
2025-02-06 00:00:00.000000056,218.0,2504,0.1152095683399165,54.787785755968855,79.90347165407064
2025-02-13 00:00:00.000000056,229.0,2504,0.1152095683399165,54.787785755968855,81.17077690580973
2025-02-20 00:00:00.000000056,234.0,2504,0.1152095683399165,54.787785755968855,81.74682474750932
2025-02-27 00:00:00.000000056,211.0,2504,0.1152095683399165,54.787785755968855,79.09700467569124
2025-03-06 00:00:00.000000056,214.0,2504,0.1152095683399165,54.787785755968855,79.44263338071099
2025-03-13 00:00:00.000000056,217.0,2504,0.1152095683399165,54.787785755968855,79.78826208573074
2023-03-30 00:00:00.000000000,20.0,2510,1.0,0.0,20.0
2023-04-06 00:00:00.000000000,21.0,2510,1.0,0.0,21.0
2023-04-13 00:00:00.000000000,20.0,2510,1.0,0.0,20.0
2023-04-20 00:00:00.000000000,21.0,2510,1.0,0.0,21.0
2023-04-27 00:00:00.000000000,23.0,2510,1.0,0.0,23.0
2023-05-04 00:00:00.000000000,24.0,2510,1.0,0.0,24.0
2023-05-11 00:00:00.000000000,24.0,2510,1.0,0.0,24.0
2023-05-18 00:00:00.000000000,24.0,2510,1.0,0.0,24.0
2023-05-25 00:00:00.000000000,24.0,2510,1.0,0.0,24.0
2023-06-01 00:00:00.000000000,24.0,2510,1.0,0.0,24.0
2023-06-08 00:00:00.000000000,25.0,2510,1.0,0.0,25.0
2023-06-15 00:00:00.000000000,26.0,2510,1.0,0.0,26.0
2023-06-22 00:00:00.000000000,28.0,2510,1.0,0.0,28.0
2023-06-29 00:00:00.000000000,29.0,2510,1.0,0.0,29.0
2023-07-06 00:00:00.000000000,30.0,2510,1.0,0.0,30.0
2023-07-13 00:00:00.000000000,32.0,2510,1.0,0.0,32.0
2023-07-20 00:00:00.000000000,36.0,2510,1.0,0.0,36.0
2023-07-27 00:00:00.000000000,38.0,2510,1.0,0.0,38.0
2023-08-03 00:00:00.000000000,40.0,2510,1.0,0.0,40.0
2023-08-10 00:00:00.000000000,42.0,2510,1.0,0.0,42.0
2023-08-17 00:00:00.000000000,43.0,2510,1.0,0.0,43.0
2023-08-24 00:00:00.000000000,44.0,2510,1.0,0.0,44.0
2023-08-31 00:00:00.000000000,44.0,2510,1.0,0.0,44.0
2023-09-07 00:00:00.000000000,44.0,2510,1.0,0.0,44.0
2023-09-14 00:00:00.000000000,46.0,2510,1.0,0.0,46.0
2023-09-21 00:00:00.000000000,48.0,2510,1.0,0.0,48.0
2023-09-28 00:00:00.000000000,50.0,2510,1.0,0.0,50.0
2023-10-05 00:00:00.000000000,50.0,2510,1.0,0.0,50.0
2023-10-12 00:00:00.000000000,49.0,2510,1.0,0.0,49.0
2023-10-19 00:00:00.000000000,51.0,2510,1.0,0.0,51.0
2023-10-26 00:00:00.000000000,51.0,2510,1.0,0.0,51.0
2023-11-02 00:00:00.000000000,52.0,2510,1.0,0.0,52.0
2023-11-09 00:00:00.000000000,51.0,2510,1.0,0.0,51.0
2023-11-16 00:00:00.000000000,51.0,2510,1.0,0.0,51.0
2023-11-23 00:00:00.000000000,53.0,2510,1.0,0.0,53.0
2023-11-30 00:00:00.000000000,52.0,2510,1.0,0.0,52.0
2023-12-07 00:00:00.000000000,52.0,2510,1.0,0.0,52.0
2023-12-14 00:00:00.000000000,53.0,2510,1.0,0.0,53.0
2023-12-21 00:00:00.000000000,57.0,2510,1.0,0.0,57.0
2023-12-28 00:00:00.000000000,58.0,2510,1.0,0.0,58.0
2024-01-04 00:00:00.000000000,59.0,2510,1.0,0.0,59.0
2024-01-11 00:00:00.000000000,60.0,2510,1.0,0.0,60.0
2024-01-18 00:00:00.000000000,63.0,2510,1.0,0.0,63.0
2024-01-25 00:00:00.000000000,63.0,2510,1.0,0.0,63.0
2024-02-01 00:00:00.000000000,64.0,2510,1.0,0.0,64.0
2024-02-08 00:00:00.000000000,65.0,2510,1.0,0.0,65.0
2024-02-15 00:00:00.000000000,65.0,2510,1.0,0.0,65.0
2024-02-22 00:00:00.000000000,65.0,2510,1.0,0.0,65.0
2024-02-29 00:00:00.000000000,66.0,2510,1.0,0.0,66.0
2024-03-07 00:00:00.000000000,67.0,2510,1.0,0.0,67.0
2024-03-14 00:00:00.000000000,68.0,2510,1.0,0.0,68.0
2024-03-21 00:00:00.000000000,65.0,2510,1.0,0.0,65.0
2024-03-28 00:00:00.000000000,66.0,2510,1.0,0.0,66.0
2024-04-04 00:00:00.000000000,66.0,2510,1.0,0.0,66.0
2024-04-11 00:00:00.000000000,67.0,2510,1.0,0.0,67.0
2024-04-18 00:00:00.000000000,70.0,2510,1.0,0.0,70.0
2024-04-25 00:00:00.000000000,71.0,2510,1.0,0.0,71.0
2024-05-02 00:00:00.000000000,72.0,2510,1.0,0.0,72.0
2024-05-09 00:00:00.000000000,72.0,2510,1.0,0.0,72.0
2024-05-16 00:00:00.000000000,73.0,2510,1.0,0.0,73.0
2024-05-23 00:00:00.000000000,73.0,2510,1.0,0.0,73.0
2024-05-30 00:00:00.000000000,75.0,2510,1.0,0.0,75.0
2024-06-06 00:00:00.000000000,77.0,2510,1.0,0.0,77.0
2024-06-13 00:00:00.000000000,77.0,2510,1.0,0.0,77.0
2024-06-20 00:00:00.000000000,75.0,2510,1.0,0.0,75.0
2024-06-27 00:00:00.000000000,78.0,2510,1.0,0.0,78.0
2024-07-04 00:00:00.000000000,78.0,2510,1.0,0.0,78.0
2024-07-11 00:00:00.000000000,78.0,2510,1.0,0.0,78.0
2024-07-18 00:00:00.000000000,85.0,2510,1.0,0.0,85.0
2024-07-25 00:00:00.000000000,85.0,2510,1.0,0.0,85.0
2024-08-01 00:00:00.000000000,88.0,2510,1.0,0.0,88.0
2024-08-08 00:00:00.000000000,87.0,2510,1.0,0.0,87.0
2024-08-15 00:00:00.000000000,88.0,2510,1.0,0.0,88.0
2024-08-22 00:00:00.000000000,89.0,2510,1.0,0.0,89.0
2024-08-29 00:00:00.000000000,90.0,2510,1.0,0.0,90.0
2024-09-05 00:00:00.000000000,94.0,2510,1.0,0.0,94.0
2024-09-12 00:00:00.000000000,98.0,2510,1.0,0.0,98.0
2024-09-19 00:00:00.000000000,99.0,2510,1.0,0.0,99.0
2024-09-26 00:00:00.000000000,102.0,2510,1.0,0.0,102.0
2024-10-03 00:00:00.000000000,105.0,2510,1.0,0.0,105.0
2024-10-10 00:00:00.000000000,106.0,2510,1.0,0.0,106.0
2024-10-17 00:00:00.000000000,102.0,2510,1.0,0.0,102.0
2024-10-24 00:00:00.000000000,102.0,2510,1.0,0.0,102.0
2024-10-31 00:00:00.000000000,100.0,2510,1.0,0.0,100.0
2024-11-07 00:00:00.000000000,99.0,2510,1.0,0.0,99.0
2024-11-14 00:00:00.000000000,100.0,2510,1.0,0.0,100.0
2024-11-21 00:00:00.000000000,100.0,2510,1.0,0.0,100.0
2024-11-28 00:00:00.000000000,101.0,2510,1.0,0.0,101.0
2024-12-05 00:00:00.000000000,105.0,2510,1.0,0.0,105.0
2024-12-12 00:00:00.000000000,109.0,2510,1.0,0.0,109.0
2024-12-19 00:00:00.000000000,116.0,2510,1.0,0.0,116.0
2024-12-26 00:00:00.000000000,123.0,2510,1.0,0.0,123.0
2025-01-02 00:00:00.000000000,128.0,2510,1.0,0.0,128.0
2025-01-09 00:00:00.000000000,133.0,2510,1.0,0.0,133.0
2025-01-16 00:00:00.000000000,141.0,2510,1.0,0.0,141.0
2025-01-23 00:00:00.000000000,144.0,2510,1.0,0.0,144.0
2025-01-30 00:00:00.000000000,149.0,2510,1.0,0.0,149.0
2025-02-06 00:00:00.000000000,151.0,2510,1.0,0.0,151.0
2025-02-13 00:00:00.000000000,154.0,2510,1.0,0.0,154.0
2025-02-20 00:00:00.000000000,156.0,2510,1.0,0.0,156.0
2025-02-27 00:00:00.000000000,154.0,2510,1.0,0.0,154.0
2025-03-06 00:00:00.000000000,152.0,2510,1.0,0.0,152.0
2025-03-13 00:00:00.000000000,154.0,2510,1.0,0.0,154.0
2025-03-20 00:00:00.000000000,158.0,2510,1.0,0.0,158.0
2025-03-27 00:00:00.000000000,160.0,2510,1.0,0.0,160.0
2025-04-03 00:00:00.000000000,160.0,2510,1.0,0.0,160.0
2025-04-10 00:00:00.000000000,161.0,2510,1.0,0.0,161.0
2025-04-17 00:00:00.000000000,130.0,2510,1.0,0.0,130.0
2025-04-24 00:00:00.000000000,114.0,2510,1.0,0.0,114.0
2025-05-01 00:00:00.000000000,114.0,2510,1.0,0.0,114.0
2025-05-08 00:00:00.000000000,114.0,2510,1.0,0.0,114.0
2025-05-15 00:00:00.000000000,113.0,2510,1.0,0.0,113.0
2025-05-22 00:00:00.000000000,113.0,2510,1.0,0.0,113.0
2025-05-29 00:00:00.000000000,115.0,2510,1.0,0.0,115.0
2025-06-05 00:00:00.000000000,122.0,2510,1.0,0.0,122.0
2025-06-12 00:00:00.000000000,125.0,2510,1.0,0.0,125.0
2025-06-19 00:00:00.000000000,135.0,2510,1.0,0.0,135.0
2025-06-26 00:00:00.000000000,171.0,2510,1.0,0.0,171.0
2025-07-03 00:00:00.000000000,198.0,2510,1.0,0.0,198.0
2025-07-10 00:00:00.000000000,219.0,2510,1.0,0.0,219.0
2025-07-17 00:00:00.000000000,245.0,2510,1.0,0.0,245.0
2025-07-24 00:00:00.000000000,256.0,2510,1.0,0.0,256.0
2025-07-31 00:00:00.000000000,263.0,2510,1.0,0.0,263.0
2025-08-07 00:00:00.000000000,267.0,2510,1.0,0.0,267.0
2025-08-14 00:00:00.000000000,272.0,2510,1.0,0.0,272.0
2025-08-21 00:00:00.000000000,272.0,2510,1.0,0.0,272.0
2025-08-28 00:00:00.000000000,267.0,2510,1.0,0.0,267.0
2025-09-04 00:00:00.000000000,263.0,2510,1.0,0.0,263.0
2025-09-11 00:00:00.000000000,258.0,2510,1.0,0.0,258.0
2025-09-18 00:00:00.000000000,254.0,2510,1.0,0.0,254.0
2025-09-25 00:00:00.000000000,235.0,2510,1.0,0.0,235.0
2025-10-02 00:00:00.000000000,227.0,2510,1.0,0.0,227.0
2024-08-22 00:00:00.000000000,79.50737020596515,2609,1.11239263005727,0.4915844457341052,88.9349970980847
2024-08-29 00:00:00.000000000,82.45208762100089,2609,1.11239263005727,0.4915844457341052,92.21067904817176
2024-09-05 00:00:00.000000000,82.45208762100089,2609,1.11239263005727,0.4915844457341052,92.21067904817176
2024-09-12 00:00:00.000000000,88.34152245107238,2609,1.11239263005727,0.4915844457341052,98.76204294834587
2024-09-19 00:00:00.000000000,88.34152245107238,2609,1.11239263005727,0.4915844457341052,98.76204294834587
2024-09-26 00:00:00.000000000,91.28623986610812,2609,1.11239263005727,0.4915844457341052,102.03772489843293
2024-10-03 00:00:00.000000000,91.28623986610812,2609,1.11239263005727,0.4915844457341052,102.03772489843293
2024-10-10 00:00:00.000000000,94.23095728114389,2609,1.11239263005727,0.4915844457341052,105.31340684852
2024-10-17 00:00:00.000000000,91.28623986610812,2609,1.11239263005727,0.4915844457341052,102.03772489843293
2024-10-24 00:00:00.000000000,91.28623986610812,2609,1.11239263005727,0.4915844457341052,102.03772489843293
2024-10-31 00:00:00.000000000,91.28623986610812,2609,1.11239263005727,0.4915844457341052,102.03772489843293
2024-11-07 00:00:00.000000000,88.34152245107238,2609,1.11239263005727,0.4915844457341052,98.76204294834587
2024-11-14 00:00:00.000000000,88.34152245107238,2609,1.11239263005727,0.4915844457341052,98.76204294834587
2024-11-21 00:00:00.000000000,88.34152245107238,2609,1.11239263005727,0.4915844457341052,98.76204294834587
2024-11-28 00:00:00.000000000,88.34152245107238,2609,1.11239263005727,0.4915844457341052,98.76204294834587
2024-12-05 00:00:00.000000000,91.28623986610812,2609,1.11239263005727,0.4915844457341052,102.03772489843293
2024-12-12 00:00:00.000000000,97.1756746961796,2609,1.11239263005727,0.4915844457341052,108.58908879860702
2024-12-19 00:00:00.000000000,103.0651095262511,2609,1.11239263005727,0.4915844457341052,115.14045269878116
2024-12-26 00:00:00.000000000,108.9545443563226,2609,1.11239263005727,0.4915844457341052,121.69181659895528
2025-01-02 00:00:00.000000000,117.78869660142983,2609,1.11239263005727,0.4915844457341052,131.51886244921644
2025-01-09 00:00:00.000000000,120.7334140164656,2609,1.11239263005727,0.4915844457341052,134.79454439930353
2025-01-16 00:00:00.000000000,126.62284884653708,2609,1.11239263005727,0.4915844457341052,141.34590829947763
2025-01-23 00:00:00.000000000,129.56756626157284,2609,1.11239263005727,0.4915844457341052,144.62159024956472
2025-01-30 00:00:00.000000000,132.51228367660858,2609,1.11239263005727,0.4915844457341052,147.89727219965175
2025-02-06 00:00:00.000000000,135.45700109164432,2609,1.11239263005727,0.4915844457341052,151.1729541497388
2025-02-13 00:00:00.000000000,138.40171850668006,2609,1.11239263005727,0.4915844457341052,154.44863609982588
2025-02-20 00:00:00.000000000,141.3464359217158,2609,1.11239263005727,0.4915844457341052,157.7243180499129
2025-02-27 00:00:00.000000000,135.45700109164432,2609,1.11239263005727,0.4915844457341052,151.1729541497388
2025-03-06 00:00:00.000000000,135.45700109164432,2609,1.11239263005727,0.4915844457341052,151.1729541497388
2025-03-13 00:00:00.000000000,138.40171850668006,2609,1.11239263005727,0.4915844457341052,154.44863609982588
2025-03-20 00:00:00.000000000,141.3464359217158,2609,1.11239263005727,0.4915844457341052,157.7243180499129
2025-03-27 00:00:00.000000000,144.29115333675156,2609,1.11239263005727,0.4915844457341052,161.0
2025-04-03 00:00:00.000000000,144.29115333675156,2609,1.11239263005727,0.4915844457341052,161.0
2025-04-10 00:00:00.000000000,144.29115333675156,2609,1.11239263005727,0.4915844457341052,161.0
2025-04-17 00:00:00.000000000,120.7334140164656,2609,1.11239263005727,0.4915844457341052,134.79454439930353
2025-04-24 00:00:00.000000000,100.12039211121537,2609,1.11239263005727,0.4915844457341052,111.86477074869411
2025-05-01 00:00:00.000000000,103.0651095262511,2609,1.11239263005727,0.4915844457341052,115.14045269878116
2025-05-08 00:00:00.000000000,100.12039211121537,2609,1.11239263005727,0.4915844457341052,111.86477074869411
2025-05-15 00:00:00.000000000,100.12039211121537,2609,1.11239263005727,0.4915844457341052,111.86477074869411
2025-05-22 00:00:00.000000000,100.12039211121537,2609,1.11239263005727,0.4915844457341052,111.86477074869411
2025-05-29 00:00:00.000000000,103.0651095262511,2609,1.11239263005727,0.4915844457341052,115.14045269878116
2025-06-05 00:00:00.000000000,108.9545443563226,2609,1.11239263005727,0.4915844457341052,121.69181659895528
2025-06-12 00:00:00.000000000,111.89926177135835,2609,1.11239263005727,0.4915844457341052,124.96749854904235
2025-06-19 00:00:00.000000000,117.78869660142983,2609,1.11239263005727,0.4915844457341052,131.51886244921644
2025-06-26 00:00:00.000000000,153.12530558185878,2609,1.11239263005727,0.4915844457341052,170.82704585026116
2025-07-03 00:00:00.000000000,176.68304490214476,2609,1.11239263005727,0.4915844457341052,197.03250145095762
2025-07-10 00:00:00.000000000,197.296066807395,2609,1.11239263005727,0.4915844457341052,219.96227510156706
2025-07-17 00:00:00.000000000,220.8538061276809,2609,1.11239263005727,0.4915844457341052,246.16773070226347
2025-07-24 00:00:00.000000000,229.6879583727882,2609,1.11239263005727,0.4915844457341052,255.9947765525247
2025-07-31 00:00:00.000000000,238.52211061789544,2609,1.11239263005727,0.4915844457341052,265.82182240278587
2025-08-07 00:00:00.000000000,241.4668280329312,2609,1.11239263005727,0.4915844457341052,269.097504352873
2025-08-14 00:00:00.000000000,244.4115454479669,2609,1.11239263005727,0.4915844457341052,272.37318630296
2025-08-21 00:00:00.000000000,244.4115454479669,2609,1.11239263005727,0.4915844457341052,272.37318630296
2025-08-28 00:00:00.000000000,241.4668280329312,2609,1.11239263005727,0.4915844457341052,269.097504352873
2025-09-04 00:00:00.000000000,235.5773932028597,2609,1.11239263005727,0.4915844457341052,262.54614045269886
2025-09-11 00:00:00.000000000,232.632675787824,2609,1.11239263005727,0.4915844457341052,259.27045850261186
2025-09-18 00:00:00.000000000,226.74324095775245,2609,1.11239263005727,0.4915844457341052,252.71909460243765
2025-09-25 00:00:00.000000000,212.0196538825737,2609,1.11239263005727,0.4915844457341052,236.3406848520023
2025-10-02 00:00:00.000000000,206.1302190525022,2609,1.11239263005727,0.4915844457341052,229.78932095182822
2025-10-09 00:00:00.000000000,200.2407842224308,2609,1.11239263005727,0.4915844457341052,223.23795705165418
2025-10-16 00:00:00.000000000,191.40663197732349,2609,1.11239263005727,0.4915844457341052,213.41091120139293
2025-10-23 00:00:00.000000000,138.40171850668006,2609,1.11239263005727,0.4915844457341052,154.44863609982588
2025-10-30 00:00:00.000000000,120.7334140164656,2609,1.11239263005727,0.4915844457341052,134.79454439930353
2025-11-06 00:00:00.000000000,114.8439791863941,2609,1.11239263005727,0.4915844457341052,128.2431804991294
2025-11-13 00:00:00.000000000,117.78869660142983,2609,1.11239263005727,0.4915844457341052,131.51886244921644
2025-11-20 00:00:00.000000000,106.00982694128686,2609,1.11239263005727,0.4915844457341052,118.41613464886824
2025-11-27 00:00:00.000000000,100.12039211121537,2609,1.11239263005727,0.4915844457341052,111.86477074869411
2025-12-04 00:00:00.000000000,97.1756746961796,2609,1.11239263005727,0.4915844457341052,108.58908879860702
2025-12-11 00:00:00.000000000,103.0651095262511,2609,1.11239263005727,0.4915844457341052,115.14045269878116
2025-12-18 00:00:00.000000000,103.0651095262511,2609,1.11239263005727,0.4915844457341052,115.14045269878116
2025-12-25 00:00:00.000000000,114.8439791863941,2609,1.11239263005727,0.4915844457341052,128.2431804991294
2026-01-01 00:00:00.000000000,117.78869660142983,2609,1.11239263005727,0.4915844457341052,131.51886244921644
2026-01-08 00:00:00.000000000,123.67813143150131,2609,1.11239263005727,0.4915844457341052,138.07022634939057
2026-01-15 00:00:00.000000000,126.62284884653708,2609,1.11239263005727,0.4915844457341052,141.34590829947763
2026-01-22 00:00:00.000000000,123.67813143150131,2609,1.11239263005727,0.4915844457341052,138.07022634939057
2026-01-29 00:00:00.000000000,123.67813143150131,2609,1.11239263005727,0.4915844457341052,138.07022634939057
2026-02-05 00:00:00.000000000,123.67813143150131,2609,1.11239263005727,0.4915844457341052,138.07022634939057
2026-02-12 00:00:00.000000000,123.67813143150131,2609,1.11239263005727,0.4915844457341052,138.07022634939057
2026-02-19 00:00:00.000000000,120.7334140164656,2609,1.11239263005727,0.4915844457341052,134.79454439930353
2026-02-26 00:00:00.000000000,123.67813143150131,2609,1.11239263005727,0.4915844457341052,138.07022634939057
2026-03-05 00:00:00.000000000,117.78869660142983,2609,1.11239263005727,0.4915844457341052,131.51886244921644
2026-03-12 00:00:00.000000000,123.67813143150131,2609,1.11239263005727,0.4915844457341052,138.07022634939057
2026-03-19 00:00:00.000000000,129.56756626157284,2609,1.11239263005727,0.4915844457341052,144.62159024956472
2026-03-26 00:00:00.000000000,126.62284884653708,2609,1.11239263005727,0.4915844457341052,141.34590829947763
2026-04-02 00:00:00.000000000,126.62284884653708,2609,1.11239263005727,0.4915844457341052,141.34590829947763
2026-04-09 00:00:00.000000000,126.62284884653708,2609,1.11239263005727,0.4915844457341052,141.34590829947763
2026-04-16 00:00:00.000000000,126.62284884653708,2609,1.11239263005727,0.4915844457341052,141.34590829947763
2026-04-23 00:00:00.000000000,120.7334140164656,2609,1.11239263005727,0.4915844457341052,134.79454439930353
2026-04-30 00:00:00.000000000,117.78869660142983,2609,1.11239263005727,0.4915844457341052,131.51886244921644
2026-05-07 00:00:00.000000000,117.78869660142983,2609,1.11239263005727,0.4915844457341052,131.51886244921644
2026-05-14 00:00:00.000000000,117.78869660142983,2609,1.11239263005727,0.4915844457341052,131.51886244921644
2026-05-21 00:00:00.000000000,117.78869660142983,2609,1.11239263005727,0.4915844457341052,131.51886244921644
2026-05-28 00:00:00.000000000,120.7334140164656,2609,1.11239263005727,0.4915844457341052,134.79454439930353
2026-06-04 00:00:00.000000000,123.67813143150131,2609,1.11239263005727,0.4915844457341052,138.07022634939057
2026-06-11 00:00:00.000000000,126.62284884653708,2609,1.11239263005727,0.4915844457341052,141.34590829947763
2026-06-18 00:00:00.000000000,173.73832748710902,2609,1.11239263005727,0.4915844457341052,193.7568195008706
2026-06-25 00:00:00.000000000,226.74324095775245,2609,1.11239263005727,0.4915844457341052,252.71909460243765
2026-07-02 00:00:00.000000000,241.4668280329312,2609,1.11239263005727,0.4915844457341052,269.097504352873
2026-07-09 00:00:00.000000000,250.3009802780384,2609,1.11239263005727,0.4915844457341052,278.9245502031341
2026-07-16 00:00:00.000000000,256.1904151081099,2609,1.11239263005727,0.4915844457341052,285.47591410330824
2026-07-23 00:00:00.000000000,256.1904151081099,2609,1.11239263005727,0.4915844457341052,285.47591410330824
2026-07-30 00:00:00.000000000,256.1904151081099,2609,1.11239263005727,0.4915844457341052,285.47591410330824
2026-08-06 00:00:00.000000000,256.1904151081099,2609,1.11239263005727,0.4915844457341052,285.47591410330824
2026-08-13 00:00:00.000000000,253.24569769307416,2609,1.11239263005727,0.4915844457341052,282.2002321532211
2026-08-20 00:00:00.000000000,238.52211061789544,2609,1.11239263005727,0.4915844457341052,265.82182240278587
