date,tier,label,x_pixel,height_pixels,stack_top_y,stack_bottom_y
2024-08-22,1,하드 스우 미만,141,25.0,611,665
2024-08-22,2,하드 스우 ~ 하드 진 힐라,141,27.0,611,665
2024-08-22,3,노멀 세렌 ~ 하드 세렌,141,2.0,611,665
2024-08-22,4,이지 카링 ~ 익스트림 스우,141,0.0,611,665
2024-08-22,5,노멀 흉성 ~ 노멀 림보,141,0.0,611,665
2024-08-22,6,익스트림 세렌 ~ 하드 림보,141,1.0,611,665
2024-08-22,7,하드 벨로나 이상,141,0.0,611,665
2024-08-29,1,하드 스우 미만,148,24.0,610,665
2024-08-29,2,하드 스우 ~ 하드 진 힐라,148,28.0,610,665
2024-08-29,3,노멀 세렌 ~ 하드 세렌,148,2.0,610,665
2024-08-29,4,이지 카링 ~ 익스트림 스우,148,0.0,610,665
2024-08-29,5,노멀 흉성 ~ 노멀 림보,148,0.0,610,665
2024-08-29,6,익스트림 세렌 ~ 하드 림보,148,2.0,610,665
2024-08-29,7,하드 벨로나 이상,148,0.0,610,665
2024-09-05,1,하드 스우 미만,154,25.0,609,665
2024-09-05,2,하드 스우 ~ 하드 진 힐라,154,28.0,609,665
2024-09-05,3,노멀 세렌 ~ 하드 세렌,154,2.0,609,665
2024-09-05,4,이지 카링 ~ 익스트림 스우,154,0.0,609,665
2024-09-05,5,노멀 흉성 ~ 노멀 림보,154,0.0,609,665
2024-09-05,6,익스트림 세렌 ~ 하드 림보,154,2.0,609,665
2024-09-05,7,하드 벨로나 이상,154,0.0,609,665
2024-09-12,1,하드 스우 미만,160,26.0,606,665
2024-09-12,2,하드 스우 ~ 하드 진 힐라,160,30.0,606,665
2024-09-12,3,노멀 세렌 ~ 하드 세렌,160,2.0,606,665
2024-09-12,4,이지 카링 ~ 익스트림 스우,160,0.0,606,665
2024-09-12,5,노멀 흉성 ~ 노멀 림보,160,0.0,606,665
2024-09-12,6,익스트림 세렌 ~ 하드 림보,160,2.0,606,665
2024-09-12,7,하드 벨로나 이상,160,0.0,606,665
2024-09-19,1,하드 스우 미만,167,27.0,605,665
2024-09-19,2,하드 스우 ~ 하드 진 힐라,167,30.0,605,665
2024-09-19,3,노멀 세렌 ~ 하드 세렌,167,2.0,605,665
2024-09-19,4,이지 카링 ~ 익스트림 스우,167,0.0,605,665
2024-09-19,5,노멀 흉성 ~ 노멀 림보,167,0.0,605,665
2024-09-19,6,익스트림 세렌 ~ 하드 림보,167,2.0,605,665
2024-09-19,7,하드 벨로나 이상,167,0.0,605,665
2024-09-26,1,하드 스우 미만,173,27.0,604,665
2024-09-26,2,하드 스우 ~ 하드 진 힐라,173,31.0,604,665
2024-09-26,3,노멀 세렌 ~ 하드 세렌,173,3.0,604,665
2024-09-26,4,이지 카링 ~ 익스트림 스우,173,0.0,604,665
2024-09-26,5,노멀 흉성 ~ 노멀 림보,173,0.0,604,665
2024-09-26,6,익스트림 세렌 ~ 하드 림보,173,1.0,604,665
2024-09-26,7,하드 벨로나 이상,173,0.0,604,665
2024-10-03,1,하드 스우 미만,180,28.0,602,665
2024-10-03,2,하드 스우 ~ 하드 진 힐라,180,31.0,602,665
2024-10-03,3,노멀 세렌 ~ 하드 세렌,180,0.0,602,665
2024-10-03,4,이지 카링 ~ 익스트림 스우,180,0.0,602,665
2024-10-03,5,노멀 흉성 ~ 노멀 림보,180,1.0,602,665
2024-10-03,6,익스트림 세렌 ~ 하드 림보,180,4.0,602,665
2024-10-03,7,하드 벨로나 이상,180,0.0,602,665
2024-10-10,1,하드 스우 미만,186,27.0,602,665
2024-10-10,2,하드 스우 ~ 하드 진 힐라,186,32.0,602,665
2024-10-10,3,노멀 세렌 ~ 하드 세렌,186,2.0,602,665
2024-10-10,4,이지 카링 ~ 익스트림 스우,186,0.0,602,665
2024-10-10,5,노멀 흉성 ~ 노멀 림보,186,0.0,602,665
2024-10-10,6,익스트림 세렌 ~ 하드 림보,186,3.0,602,665
2024-10-10,7,하드 벨로나 이상,186,0.0,602,665
2024-10-17,1,하드 스우 미만,193,24.0,606,665
2024-10-17,2,하드 스우 ~ 하드 진 힐라,193,31.0,606,665
2024-10-17,3,노멀 세렌 ~ 하드 세렌,193,3.0,606,665
2024-10-17,4,이지 카링 ~ 익스트림 스우,193,0.0,606,665
2024-10-17,5,노멀 흉성 ~ 노멀 림보,193,0.0,606,665
2024-10-17,6,익스트림 세렌 ~ 하드 림보,193,2.0,606,665
2024-10-17,7,하드 벨로나 이상,193,0.0,606,665
2024-10-24,1,하드 스우 미만,199,24.0,607,665
2024-10-24,2,하드 스우 ~ 하드 진 힐라,199,31.0,607,665
2024-10-24,3,노멀 세렌 ~ 하드 세렌,199,2.0,607,665
2024-10-24,4,이지 카링 ~ 익스트림 스우,199,0.0,607,665
2024-10-24,5,노멀 흉성 ~ 노멀 림보,199,0.0,607,665
2024-10-24,6,익스트림 세렌 ~ 하드 림보,199,2.0,607,665
2024-10-24,7,하드 벨로나 이상,199,0.0,607,665
2024-10-31,1,하드 스우 미만,206,21.0,610,665
2024-10-31,2,하드 스우 ~ 하드 진 힐라,206,31.0,610,665
2024-10-31,3,노멀 세렌 ~ 하드 세렌,206,2.0,610,665
2024-10-31,4,이지 카링 ~ 익스트림 스우,206,0.0,610,665
2024-10-31,5,노멀 흉성 ~ 노멀 림보,206,0.0,610,665
2024-10-31,6,익스트림 세렌 ~ 하드 림보,206,2.0,610,665
2024-10-31,7,하드 벨로나 이상,206,0.0,610,665
2024-11-07,1,하드 스우 미만,212,21.0,610,665
2024-11-07,2,하드 스우 ~ 하드 진 힐라,212,30.0,610,665
2024-11-07,3,노멀 세렌 ~ 하드 세렌,212,2.0,610,665
2024-11-07,4,이지 카링 ~ 익스트림 스우,212,0.0,610,665
2024-11-07,5,노멀 흉성 ~ 노멀 림보,212,0.0,610,665
2024-11-07,6,익스트림 세렌 ~ 하드 림보,212,3.0,610,665
2024-11-07,7,하드 벨로나 이상,212,0.0,610,665
2024-11-14,1,하드 스우 미만,219,21.0,610,665
2024-11-14,2,하드 스우 ~ 하드 진 힐라,219,30.0,610,665
2024-11-14,3,노멀 세렌 ~ 하드 세렌,219,0.0,610,665
2024-11-14,4,이지 카링 ~ 익스트림 스우,219,0.0,610,665
2024-11-14,5,노멀 흉성 ~ 노멀 림보,219,1.0,610,665
2024-11-14,6,익스트림 세렌 ~ 하드 림보,219,4.0,610,665
2024-11-14,7,하드 벨로나 이상,219,0.0,610,665
2024-11-21,1,하드 스우 미만,225,21.0,611,665
2024-11-21,2,하드 스우 ~ 하드 진 힐라,225,30.0,611,665
2024-11-21,3,노멀 세렌 ~ 하드 세렌,225,2.0,611,665
2024-11-21,4,이지 카링 ~ 익스트림 스우,225,0.0,611,665
2024-11-21,5,노멀 흉성 ~ 노멀 림보,225,0.0,611,665
2024-11-21,6,익스트림 세렌 ~ 하드 림보,225,2.0,611,665
2024-11-21,7,하드 벨로나 이상,225,0.0,611,665
2024-11-28,1,하드 스우 미만,232,21.0,610,665
2024-11-28,2,하드 스우 ~ 하드 진 힐라,232,30.0,610,665
2024-11-28,3,노멀 세렌 ~ 하드 세렌,232,3.0,610,665
2024-11-28,4,이지 카링 ~ 익스트림 스우,232,0.0,610,665
2024-11-28,5,노멀 흉성 ~ 노멀 림보,232,0.0,610,665
2024-11-28,6,익스트림 세렌 ~ 하드 림보,232,2.0,610,665
2024-11-28,7,하드 벨로나 이상,232,0.0,610,665
2024-12-05,1,하드 스우 미만,238,23.0,607,665
2024-12-05,2,하드 스우 ~ 하드 진 힐라,238,31.0,607,665
2024-12-05,3,노멀 세렌 ~ 하드 세렌,238,0.0,607,665
2024-12-05,4,이지 카링 ~ 익스트림 스우,238,0.0,607,665
2024-12-05,5,노멀 흉성 ~ 노멀 림보,238,1.0,607,665
2024-12-05,6,익스트림 세렌 ~ 하드 림보,238,4.0,607,665
2024-12-05,7,하드 벨로나 이상,238,0.0,607,665
2024-12-12,1,하드 스우 미만,245,24.0,604,665
2024-12-12,2,하드 스우 ~ 하드 진 힐라,245,33.0,604,665
2024-12-12,3,노멀 세렌 ~ 하드 세렌,245,3.0,604,665
2024-12-12,4,이지 카링 ~ 익스트림 스우,245,0.0,604,665
2024-12-12,5,노멀 흉성 ~ 노멀 림보,245,0.0,604,665
2024-12-12,6,익스트림 세렌 ~ 하드 림보,245,2.0,604,665
2024-12-12,7,하드 벨로나 이상,245,0.0,604,665
2024-12-19,1,하드 스우 미만,251,34.0,592,665
2024-12-19,2,하드 스우 ~ 하드 진 힐라,251,35.0,592,665
2024-12-19,3,노멀 세렌 ~ 하드 세렌,251,3.0,592,665
2024-12-19,4,이지 카링 ~ 익스트림 스우,251,0.0,592,665
2024-12-19,5,노멀 흉성 ~ 노멀 림보,251,0.0,592,665
2024-12-19,6,익스트림 세렌 ~ 하드 림보,251,2.0,592,665
2024-12-19,7,하드 벨로나 이상,251,0.0,592,665
2024-12-26,1,하드 스우 미만,258,38.0,586,665
2024-12-26,2,하드 스우 ~ 하드 진 힐라,258,37.0,586,665
2024-12-26,3,노멀 세렌 ~ 하드 세렌,258,3.0,586,665
2024-12-26,4,이지 카링 ~ 익스트림 스우,258,0.0,586,665
2024-12-26,5,노멀 흉성 ~ 노멀 림보,258,0.0,586,665
2024-12-26,6,익스트림 세렌 ~ 하드 림보,258,2.0,586,665
2024-12-26,7,하드 벨로나 이상,258,0.0,586,665
2025-01-02,1,하드 스우 미만,264,38.0,583,665
2025-01-02,2,하드 스우 ~ 하드 진 힐라,264,40.0,583,665
2025-01-02,3,노멀 세렌 ~ 하드 세렌,264,4.0,583,665
2025-01-02,4,이지 카링 ~ 익스트림 스우,264,1.0,583,665
2025-01-02,5,노멀 흉성 ~ 노멀 림보,264,0.0,583,665
2025-01-02,6,익스트림 세렌 ~ 하드 림보,264,0.0,583,665
2025-01-02,7,하드 벨로나 이상,264,0.0,583,665
2025-01-09,1,하드 스우 미만,270,37.0,583,665
2025-01-09,2,하드 스우 ~ 하드 진 힐라,270,41.0,583,665
2025-01-09,3,노멀 세렌 ~ 하드 세렌,270,4.0,583,665
2025-01-09,4,이지 카링 ~ 익스트림 스우,270,1.0,583,665
2025-01-09,5,노멀 흉성 ~ 노멀 림보,270,0.0,583,665
2025-01-09,6,익스트림 세렌 ~ 하드 림보,270,0.0,583,665
2025-01-09,7,하드 벨로나 이상,270,0.0,583,665
2025-01-16,1,하드 스우 미만,277,36.0,581,665
2025-01-16,2,하드 스우 ~ 하드 진 힐라,277,43.0,581,665
2025-01-16,3,노멀 세렌 ~ 하드 세렌,277,4.0,581,665
2025-01-16,4,이지 카링 ~ 익스트림 스우,277,2.0,581,665
2025-01-16,5,노멀 흉성 ~ 노멀 림보,277,0.0,581,665
2025-01-16,6,익스트림 세렌 ~ 하드 림보,277,0.0,581,665
2025-01-16,7,하드 벨로나 이상,277,0.0,581,665
2025-01-23,1,하드 스우 미만,283,34.0,582,665
2025-01-23,2,하드 스우 ~ 하드 진 힐라,283,44.0,582,665
2025-01-23,3,노멀 세렌 ~ 하드 세렌,283,4.0,582,665
2025-01-23,4,이지 카링 ~ 익스트림 스우,283,2.0,582,665
2025-01-23,5,노멀 흉성 ~ 노멀 림보,283,0.0,582,665
2025-01-23,6,익스트림 세렌 ~ 하드 림보,283,0.0,582,665
2025-01-23,7,하드 벨로나 이상,283,0.0,582,665
2025-01-30,1,하드 스우 미만,290,34.0,580,665
2025-01-30,2,하드 스우 ~ 하드 진 힐라,290,45.0,580,665
2025-01-30,3,노멀 세렌 ~ 하드 세렌,290,5.0,580,665
2025-01-30,4,이지 카링 ~ 익스트림 스우,290,2.0,580,665
2025-01-30,5,노멀 흉성 ~ 노멀 림보,290,0.0,580,665
2025-01-30,6,익스트림 세렌 ~ 하드 림보,290,0.0,580,665
2025-01-30,7,하드 벨로나 이상,290,0.0,580,665
2025-02-06,1,하드 스우 미만,296,33.0,580,665
2025-02-06,2,하드 스우 ~ 하드 진 힐라,296,46.0,580,665
2025-02-06,3,노멀 세렌 ~ 하드 세렌,296,5.0,580,665
2025-02-06,4,이지 카링 ~ 익스트림 스우,296,2.0,580,665
2025-02-06,5,노멀 흉성 ~ 노멀 림보,296,0.0,580,665
2025-02-06,6,익스트림 세렌 ~ 하드 림보,296,0.0,580,665
2025-02-06,7,하드 벨로나 이상,296,0.0,580,665
2025-02-13,1,하드 스우 미만,302,33.0,580,665
2025-02-13,2,하드 스우 ~ 하드 진 힐라,302,47.0,580,665
2025-02-13,3,노멀 세렌 ~ 하드 세렌,302,4.0,580,665
2025-02-13,4,이지 카링 ~ 익스트림 스우,302,2.0,580,665
2025-02-13,5,노멀 흉성 ~ 노멀 림보,302,0.0,580,665
2025-02-13,6,익스트림 세렌 ~ 하드 림보,302,0.0,580,665
2025-02-13,7,하드 벨로나 이상,302,0.0,580,665
2025-02-20,1,하드 스우 미만,309,34.0,577,665
2025-02-20,2,하드 스우 ~ 하드 진 힐라,309,48.0,577,665
2025-02-20,3,노멀 세렌 ~ 하드 세렌,309,5.0,577,665
2025-02-20,4,이지 카링 ~ 익스트림 스우,309,2.0,577,665
2025-02-20,5,노멀 흉성 ~ 노멀 림보,309,0.0,577,665
2025-02-20,6,익스트림 세렌 ~ 하드 림보,309,0.0,577,665
2025-02-20,7,하드 벨로나 이상,309,0.0,577,665
2025-02-27,1,하드 스우 미만,315,33.0,580,665
2025-02-27,2,하드 스우 ~ 하드 진 힐라,315,46.0,580,665
2025-02-27,3,노멀 세렌 ~ 하드 세렌,315,5.0,580,665
2025-02-27,4,이지 카링 ~ 익스트림 스우,315,2.0,580,665
2025-02-27,5,노멀 흉성 ~ 노멀 림보,315,0.0,580,665
2025-02-27,6,익스트림 세렌 ~ 하드 림보,315,0.0,580,665
2025-02-27,7,하드 벨로나 이상,315,0.0,580,665
2025-03-06,1,하드 스우 미만,322,31.0,582,665
2025-03-06,2,하드 스우 ~ 하드 진 힐라,322,46.0,582,665
2025-03-06,3,노멀 세렌 ~ 하드 세렌,322,5.0,582,665
2025-03-06,4,이지 카링 ~ 익스트림 스우,322,2.0,582,665
2025-03-06,5,노멀 흉성 ~ 노멀 림보,322,0.0,582,665
2025-03-06,6,익스트림 세렌 ~ 하드 림보,322,0.0,582,665
2025-03-06,7,하드 벨로나 이상,322,0.0,582,665
2025-03-13,1,하드 스우 미만,328,30.0,582,665
2025-03-13,2,하드 스우 ~ 하드 진 힐라,328,47.0,582,665
2025-03-13,3,노멀 세렌 ~ 하드 세렌,328,5.0,582,665
2025-03-13,4,이지 카링 ~ 익스트림 스우,328,2.0,582,665
2025-03-13,5,노멀 흉성 ~ 노멀 림보,328,0.0,582,665
2025-03-13,6,익스트림 세렌 ~ 하드 림보,328,0.0,582,665
2025-03-13,7,하드 벨로나 이상,328,0.0,582,665
2025-03-20,1,하드 스우 미만,335,30.0,581,665
2025-03-20,2,하드 스우 ~ 하드 진 힐라,335,48.0,581,665
2025-03-20,3,노멀 세렌 ~ 하드 세렌,335,5.0,581,665
2025-03-20,4,이지 카링 ~ 익스트림 스우,335,2.0,581,665
2025-03-20,5,노멀 흉성 ~ 노멀 림보,335,0.0,581,665
2025-03-20,6,익스트림 세렌 ~ 하드 림보,335,0.0,581,665
2025-03-20,7,하드 벨로나 이상,335,0.0,581,665
2025-03-27,1,하드 스우 미만,341,29.0,581,665
2025-03-27,2,하드 스우 ~ 하드 진 힐라,341,49.0,581,665
2025-03-27,3,노멀 세렌 ~ 하드 세렌,341,5.0,581,665
2025-03-27,4,이지 카링 ~ 익스트림 스우,341,2.0,581,665
2025-03-27,5,노멀 흉성 ~ 노멀 림보,341,0.0,581,665
2025-03-27,6,익스트림 세렌 ~ 하드 림보,341,0.0,581,665
2025-03-27,7,하드 벨로나 이상,341,0.0,581,665
2025-04-03,1,하드 스우 미만,348,28.0,582,665
2025-04-03,2,하드 스우 ~ 하드 진 힐라,348,49.0,582,665
2025-04-03,3,노멀 세렌 ~ 하드 세렌,348,5.0,582,665
2025-04-03,4,이지 카링 ~ 익스트림 스우,348,2.0,582,665
2025-04-03,5,노멀 흉성 ~ 노멀 림보,348,0.0,582,665
2025-04-03,6,익스트림 세렌 ~ 하드 림보,348,0.0,582,665
2025-04-03,7,하드 벨로나 이상,348,0.0,582,665
2025-04-10,1,하드 스우 미만,354,27.0,582,665
2025-04-10,2,하드 스우 ~ 하드 진 힐라,354,49.0,582,665
2025-04-10,3,노멀 세렌 ~ 하드 세렌,354,6.0,582,665
2025-04-10,4,이지 카링 ~ 익스트림 스우,354,2.0,582,665
2025-04-10,5,노멀 흉성 ~ 노멀 림보,354,0.0,582,665
2025-04-10,6,익스트림 세렌 ~ 하드 림보,354,0.0,582,665
2025-04-10,7,하드 벨로나 이상,354,0.0,582,665
2025-04-17,1,하드 스우 미만,361,21.0,592,665
2025-04-17,2,하드 스우 ~ 하드 진 힐라,361,41.0,592,665
2025-04-17,3,노멀 세렌 ~ 하드 세렌,361,7.0,592,665
2025-04-17,4,이지 카링 ~ 익스트림 스우,361,5.0,592,665
2025-04-17,5,노멀 흉성 ~ 노멀 림보,361,0.0,592,665
2025-04-17,6,익스트림 세렌 ~ 하드 림보,361,0.0,592,665
2025-04-17,7,하드 벨로나 이상,361,0.0,592,665
2025-04-24,1,하드 스우 미만,367,19.0,600,665
2025-04-24,2,하드 스우 ~ 하드 진 힐라,367,34.0,600,665
2025-04-24,3,노멀 세렌 ~ 하드 세렌,367,8.0,600,665
2025-04-24,4,이지 카링 ~ 익스트림 스우,367,5.0,600,665
2025-04-24,5,노멀 흉성 ~ 노멀 림보,367,0.0,600,665
2025-04-24,6,익스트림 세렌 ~ 하드 림보,367,0.0,600,665
2025-04-24,7,하드 벨로나 이상,367,0.0,600,665
2025-05-01,1,하드 스우 미만,374,19.0,599,665
2025-05-01,2,하드 스우 ~ 하드 진 힐라,374,35.0,599,665
2025-05-01,3,노멀 세렌 ~ 하드 세렌,374,8.0,599,665
2025-05-01,4,이지 카링 ~ 익스트림 스우,374,5.0,599,665
2025-05-01,5,노멀 흉성 ~ 노멀 림보,374,0.0,599,665
2025-05-01,6,익스트림 세렌 ~ 하드 림보,374,0.0,599,665
2025-05-01,7,하드 벨로나 이상,374,0.0,599,665
2025-05-08,1,하드 스우 미만,380,18.0,601,665
2025-05-08,2,하드 스우 ~ 하드 진 힐라,380,34.0,601,665
2025-05-08,3,노멀 세렌 ~ 하드 세렌,380,8.0,601,665
2025-05-08,4,이지 카링 ~ 익스트림 스우,380,5.0,601,665
2025-05-08,5,노멀 흉성 ~ 노멀 림보,380,0.0,601,665
2025-05-08,6,익스트림 세렌 ~ 하드 림보,380,0.0,601,665
2025-05-08,7,하드 벨로나 이상,380,0.0,601,665
2025-05-15,1,하드 스우 미만,387,17.0,601,665
2025-05-15,2,하드 스우 ~ 하드 진 힐라,387,34.0,601,665
2025-05-15,3,노멀 세렌 ~ 하드 세렌,387,9.0,601,665
2025-05-15,4,이지 카링 ~ 익스트림 스우,387,5.0,601,665
2025-05-15,5,노멀 흉성 ~ 노멀 림보,387,0.0,601,665
2025-05-15,6,익스트림 세렌 ~ 하드 림보,387,0.0,601,665
2025-05-15,7,하드 벨로나 이상,387,0.0,601,665
2025-05-22,1,하드 스우 미만,393,17.0,601,665
2025-05-22,2,하드 스우 ~ 하드 진 힐라,393,34.0,601,665
2025-05-22,3,노멀 세렌 ~ 하드 세렌,393,8.0,601,665
2025-05-22,4,이지 카링 ~ 익스트림 스우,393,6.0,601,665
2025-05-22,5,노멀 흉성 ~ 노멀 림보,393,0.0,601,665
2025-05-22,6,익스트림 세렌 ~ 하드 림보,393,0.0,601,665
2025-05-22,7,하드 벨로나 이상,393,0.0,601,665
2025-05-29,1,하드 스우 미만,400,17.0,600,665
2025-05-29,2,하드 스우 ~ 하드 진 힐라,400,35.0,600,665
2025-05-29,3,노멀 세렌 ~ 하드 세렌,400,8.0,600,665
2025-05-29,4,이지 카링 ~ 익스트림 스우,400,6.0,600,665
2025-05-29,5,노멀 흉성 ~ 노멀 림보,400,0.0,600,665
2025-05-29,6,익스트림 세렌 ~ 하드 림보,400,0.0,600,665
2025-05-29,7,하드 벨로나 이상,400,0.0,600,665
2025-06-05,1,하드 스우 미만,406,19.0,596,665
2025-06-05,2,하드 스우 ~ 하드 진 힐라,406,37.0,596,665
2025-06-05,3,노멀 세렌 ~ 하드 세렌,406,9.0,596,665
2025-06-05,4,이지 카링 ~ 익스트림 스우,406,5.0,596,665
2025-06-05,5,노멀 흉성 ~ 노멀 림보,406,0.0,596,665
2025-06-05,6,익스트림 세렌 ~ 하드 림보,406,0.0,596,665
2025-06-05,7,하드 벨로나 이상,406,0.0,596,665
2025-06-12,1,하드 스우 미만,412,21.0,590,665
2025-06-12,2,하드 스우 ~ 하드 진 힐라,412,38.0,590,665
2025-06-12,3,노멀 세렌 ~ 하드 세렌,412,9.0,590,665
2025-06-12,4,이지 카링 ~ 익스트림 스우,412,6.0,590,665
2025-06-12,5,노멀 흉성 ~ 노멀 림보,412,0.0,590,665
2025-06-12,6,익스트림 세렌 ~ 하드 림보,412,2.0,590,665
2025-06-12,7,하드 벨로나 이상,412,0.0,590,665
2025-06-19,1,하드 스우 미만,419,38.0,573,665
2025-06-19,2,하드 스우 ~ 하드 진 힐라,419,40.0,573,665
2025-06-19,3,노멀 세렌 ~ 하드 세렌,419,9.0,573,665
2025-06-19,4,이지 카링 ~ 익스트림 스우,419,6.0,573,665
2025-06-19,5,노멀 흉성 ~ 노멀 림보,419,0.0,573,665
2025-06-19,6,익스트림 세렌 ~ 하드 림보,419,0.0,573,665
2025-06-19,7,하드 벨로나 이상,419,0.0,573,665
2025-06-26,1,하드 스우 미만,426,42.0,555,665
2025-06-26,2,하드 스우 ~ 하드 진 힐라,426,52.0,555,665
2025-06-26,3,노멀 세렌 ~ 하드 세렌,426,9.0,555,665
2025-06-26,4,이지 카링 ~ 익스트림 스우,426,7.0,555,665
2025-06-26,5,노멀 흉성 ~ 노멀 림보,426,0.0,555,665
2025-06-26,6,익스트림 세렌 ~ 하드 림보,426,1.0,555,665
2025-06-26,7,하드 벨로나 이상,426,0.0,555,665
2025-07-03,1,하드 스우 미만,432,40.0,550,665
2025-07-03,2,하드 스우 ~ 하드 진 힐라,432,60.0,550,665
2025-07-03,3,노멀 세렌 ~ 하드 세렌,432,10.0,550,665
2025-07-03,4,이지 카링 ~ 익스트림 스우,432,6.0,550,665
2025-07-03,5,노멀 흉성 ~ 노멀 림보,432,0.0,550,665
2025-07-03,6,익스트림 세렌 ~ 하드 림보,432,0.0,550,665
2025-07-03,7,하드 벨로나 이상,432,0.0,550,665
2025-07-10,1,하드 스우 미만,438,38.0,543,665
2025-07-10,2,하드 스우 ~ 하드 진 힐라,438,67.0,543,665
2025-07-10,3,노멀 세렌 ~ 하드 세렌,438,10.0,543,665
2025-07-10,4,이지 카링 ~ 익스트림 스우,438,7.0,543,665
2025-07-10,5,노멀 흉성 ~ 노멀 림보,438,0.0,543,665
2025-07-10,6,익스트림 세렌 ~ 하드 림보,438,1.0,543,665
2025-07-10,7,하드 벨로나 이상,438,0.0,543,665
2025-07-17,1,하드 스우 미만,444,36.0,535,665
2025-07-17,2,하드 스우 ~ 하드 진 힐라,444,75.0,535,665
2025-07-17,3,노멀 세렌 ~ 하드 세렌,444,11.0,535,665
2025-07-17,4,이지 카링 ~ 익스트림 스우,444,7.0,535,665
2025-07-17,5,노멀 흉성 ~ 노멀 림보,444,0.0,535,665
2025-07-17,6,익스트림 세렌 ~ 하드 림보,444,2.0,535,665
2025-07-17,7,하드 벨로나 이상,444,0.0,535,665
2025-07-24,1,하드 스우 미만,451,33.0,533,665
2025-07-24,2,하드 스우 ~ 하드 진 힐라,451,78.0,533,665
2025-07-24,3,노멀 세렌 ~ 하드 세렌,451,13.0,533,665
2025-07-24,4,이지 카링 ~ 익스트림 스우,451,6.0,533,665
2025-07-24,5,노멀 흉성 ~ 노멀 림보,451,1.0,533,665
2025-07-24,6,익스트림 세렌 ~ 하드 림보,451,2.0,533,665
2025-07-24,7,하드 벨로나 이상,451,0.0,533,665
2025-07-31,1,하드 스우 미만,457,31.0,531,665
2025-07-31,2,하드 스우 ~ 하드 진 힐라,457,81.0,531,665
2025-07-31,3,노멀 세렌 ~ 하드 세렌,457,13.0,531,665
2025-07-31,4,이지 카링 ~ 익스트림 스우,457,7.0,531,665
2025-07-31,5,노멀 흉성 ~ 노멀 림보,457,0.0,531,665
2025-07-31,6,익스트림 세렌 ~ 하드 림보,457,3.0,531,665
2025-07-31,7,하드 벨로나 이상,457,0.0,531,665
2025-08-07,1,하드 스우 미만,464,29.0,530,665
2025-08-07,2,하드 스우 ~ 하드 진 힐라,464,82.0,530,665
2025-08-07,3,노멀 세렌 ~ 하드 세렌,464,15.0,530,665
2025-08-07,4,이지 카링 ~ 익스트림 스우,464,6.0,530,665
2025-08-07,5,노멀 흉성 ~ 노멀 림보,464,1.0,530,665
2025-08-07,6,익스트림 세렌 ~ 하드 림보,464,3.0,530,665
2025-08-07,7,하드 벨로나 이상,464,0.0,530,665
2025-08-14,1,하드 스우 미만,470,28.0,528,665
2025-08-14,2,하드 스우 ~ 하드 진 힐라,470,83.0,528,665
2025-08-14,3,노멀 세렌 ~ 하드 세렌,470,15.0,528,665
2025-08-14,4,이지 카링 ~ 익스트림 스우,470,8.0,528,665
2025-08-14,5,노멀 흉성 ~ 노멀 림보,470,0.0,528,665
2025-08-14,6,익스트림 세렌 ~ 하드 림보,470,4.0,528,665
2025-08-14,7,하드 벨로나 이상,470,0.0,528,665
2025-08-21,1,하드 스우 미만,477,26.0,522,665
2025-08-21,2,하드 스우 ~ 하드 진 힐라,477,83.0,522,665
2025-08-21,3,노멀 세렌 ~ 하드 세렌,477,20.0,522,665
2025-08-21,4,이지 카링 ~ 익스트림 스우,477,10.0,522,665
2025-08-21,5,노멀 흉성 ~ 노멀 림보,477,0.0,522,665
2025-08-21,6,익스트림 세렌 ~ 하드 림보,477,5.0,522,665
2025-08-21,7,하드 벨로나 이상,477,0.0,522,665
2025-08-28,1,하드 스우 미만,483,25.0,522,665
2025-08-28,2,하드 스우 ~ 하드 진 힐라,483,82.0,522,665
2025-08-28,3,노멀 세렌 ~ 하드 세렌,483,21.0,522,665
2025-08-28,4,이지 카링 ~ 익스트림 스우,483,11.0,522,665
2025-08-28,5,노멀 흉성 ~ 노멀 림보,483,0.0,522,665
2025-08-28,6,익스트림 세렌 ~ 하드 림보,483,5.0,522,665
2025-08-28,7,하드 벨로나 이상,483,0.0,522,665
2025-09-04,1,하드 스우 미만,490,24.0,523,665
2025-09-04,2,하드 스우 ~ 하드 진 힐라,490,80.0,523,665
2025-09-04,3,노멀 세렌 ~ 하드 세렌,490,23.0,523,665
2025-09-04,4,이지 카링 ~ 익스트림 스우,490,11.0,523,665
2025-09-04,5,노멀 흉성 ~ 노멀 림보,490,1.0,523,665
2025-09-04,6,익스트림 세렌 ~ 하드 림보,490,4.0,523,665
2025-09-04,7,하드 벨로나 이상,490,0.0,523,665
2025-09-11,1,하드 스우 미만,496,23.0,524,665
2025-09-11,2,하드 스우 ~ 하드 진 힐라,496,79.0,524,665
2025-09-11,3,노멀 세렌 ~ 하드 세렌,496,23.0,524,665
2025-09-11,4,이지 카링 ~ 익스트림 스우,496,11.0,524,665
2025-09-11,5,노멀 흉성 ~ 노멀 림보,496,2.0,524,665
2025-09-11,6,익스트림 세렌 ~ 하드 림보,496,4.0,524,665
2025-09-11,7,하드 벨로나 이상,496,0.0,524,665
2025-09-18,1,하드 스우 미만,503,22.0,523,665
2025-09-18,2,하드 스우 ~ 하드 진 힐라,503,77.0,523,665
2025-09-18,3,노멀 세렌 ~ 하드 세렌,503,25.0,523,665
2025-09-18,4,이지 카링 ~ 익스트림 스우,503,13.0,523,665
2025-09-18,5,노멀 흉성 ~ 노멀 림보,503,2.0,523,665
2025-09-18,6,익스트림 세렌 ~ 하드 림보,503,4.0,523,665
2025-09-18,7,하드 벨로나 이상,503,0.0,523,665
2025-09-25,1,하드 스우 미만,509,20.0,532,665
2025-09-25,2,하드 스우 ~ 하드 진 힐라,509,72.0,532,665
2025-09-25,3,노멀 세렌 ~ 하드 세렌,509,24.0,532,665
2025-09-25,4,이지 카링 ~ 익스트림 스우,509,12.0,532,665
2025-09-25,5,노멀 흉성 ~ 노멀 림보,509,2.0,532,665
2025-09-25,6,익스트림 세렌 ~ 하드 림보,509,4.0,532,665
2025-09-25,7,하드 벨로나 이상,509,0.0,532,665
2025-10-02,1,하드 스우 미만,516,19.0,534,665
2025-10-02,2,하드 스우 ~ 하드 진 힐라,516,70.0,534,665
2025-10-02,3,노멀 세렌 ~ 하드 세렌,516,24.0,534,665
2025-10-02,4,이지 카링 ~ 익스트림 스우,516,12.0,534,665
2025-10-02,5,노멀 흉성 ~ 노멀 림보,516,2.0,534,665
2025-10-02,6,익스트림 세렌 ~ 하드 림보,516,5.0,534,665
2025-10-02,7,하드 벨로나 이상,516,0.0,534,665
2025-10-09,1,하드 스우 미만,522,19.0,535,665
2025-10-09,2,하드 스우 ~ 하드 진 힐라,522,68.0,535,665
2025-10-09,3,노멀 세렌 ~ 하드 세렌,522,25.0,535,665
2025-10-09,4,이지 카링 ~ 익스트림 스우,522,13.0,535,665
2025-10-09,5,노멀 흉성 ~ 노멀 림보,522,2.0,535,665
2025-10-09,6,익스트림 세렌 ~ 하드 림보,522,4.0,535,665
2025-10-09,7,하드 벨로나 이상,522,0.0,535,665
2025-10-16,1,하드 스우 미만,529,18.0,538,665
2025-10-16,2,하드 스우 ~ 하드 진 힐라,529,65.0,538,665
2025-10-16,3,노멀 세렌 ~ 하드 세렌,529,25.0,538,665
2025-10-16,4,이지 카링 ~ 익스트림 스우,529,13.0,538,665
2025-10-16,5,노멀 흉성 ~ 노멀 림보,529,2.0,538,665
2025-10-16,6,익스트림 세렌 ~ 하드 림보,529,5.0,538,665
2025-10-16,7,하드 벨로나 이상,529,0.0,538,665
2025-10-23,1,하드 스우 미만,535,15.0,557,665
2025-10-23,2,하드 스우 ~ 하드 진 힐라,535,47.0,557,665
2025-10-23,3,노멀 세렌 ~ 하드 세렌,535,22.0,557,665
2025-10-23,4,이지 카링 ~ 익스트림 스우,535,16.0,557,665
2025-10-23,5,노멀 흉성 ~ 노멀 림보,535,3.0,557,665
2025-10-23,6,익스트림 세렌 ~ 하드 림보,535,6.0,557,665
2025-10-23,7,하드 벨로나 이상,535,0.0,557,665
2025-10-30,1,하드 스우 미만,541,14.0,564,665
2025-10-30,2,하드 스우 ~ 하드 진 힐라,541,41.0,564,665
2025-10-30,3,노멀 세렌 ~ 하드 세렌,541,22.0,564,665
2025-10-30,4,이지 카링 ~ 익스트림 스우,541,16.0,564,665
2025-10-30,5,노멀 흉성 ~ 노멀 림보,541,3.0,564,665
2025-10-30,6,익스트림 세렌 ~ 하드 림보,541,6.0,564,665
2025-10-30,7,하드 벨로나 이상,541,0.0,564,665
2025-11-06,1,하드 스우 미만,548,14.0,565,665
2025-11-06,2,하드 스우 ~ 하드 진 힐라,548,39.0,565,665
2025-11-06,3,노멀 세렌 ~ 하드 세렌,548,22.0,565,665
2025-11-06,4,이지 카링 ~ 익스트림 스우,548,17.0,565,665
2025-11-06,5,노멀 흉성 ~ 노멀 림보,548,3.0,565,665
2025-11-06,6,익스트림 세렌 ~ 하드 림보,548,6.0,565,665
2025-11-06,7,하드 벨로나 이상,548,0.0,565,665
2025-11-13,1,하드 스우 미만,554,13.0,564,665
2025-11-13,2,하드 스우 ~ 하드 진 힐라,554,40.0,564,665
2025-11-13,3,노멀 세렌 ~ 하드 세렌,554,22.0,564,665
2025-11-13,4,이지 카링 ~ 익스트림 스우,554,16.0,564,665
2025-11-13,5,노멀 흉성 ~ 노멀 림보,554,4.0,564,665
2025-11-13,6,익스트림 세렌 ~ 하드 림보,554,7.0,564,665
2025-11-13,7,하드 벨로나 이상,554,0.0,564,665
2025-11-20,1,하드 스우 미만,561,12.0,570,665
2025-11-20,2,하드 스우 ~ 하드 진 힐라,561,36.0,570,665
2025-11-20,3,노멀 세렌 ~ 하드 세렌,561,20.0,570,665
2025-11-20,4,이지 카링 ~ 익스트림 스우,561,18.0,570,665
2025-11-20,5,노멀 흉성 ~ 노멀 림보,561,3.0,570,665
2025-11-20,6,익스트림 세렌 ~ 하드 림보,561,7.0,570,665
2025-11-20,7,하드 벨로나 이상,561,0.0,570,665
2025-11-27,1,하드 스우 미만,567,12.0,573,665
2025-11-27,2,하드 스우 ~ 하드 진 힐라,567,34.0,573,665
2025-11-27,3,노멀 세렌 ~ 하드 세렌,567,20.0,573,665
2025-11-27,4,이지 카링 ~ 익스트림 스우,567,16.0,573,665
2025-11-27,5,노멀 흉성 ~ 노멀 림보,567,4.0,573,665
2025-11-27,6,익스트림 세렌 ~ 하드 림보,567,7.0,573,665
2025-11-27,7,하드 벨로나 이상,567,0.0,573,665
2025-12-04,1,하드 스우 미만,574,12.0,574,665
2025-12-04,2,하드 스우 ~ 하드 진 힐라,574,33.0,574,665
2025-12-04,3,노멀 세렌 ~ 하드 세렌,574,20.0,574,665
2025-12-04,4,이지 카링 ~ 익스트림 스우,574,17.0,574,665
2025-12-04,5,노멀 흉성 ~ 노멀 림보,574,4.0,574,665
2025-12-04,6,익스트림 세렌 ~ 하드 림보,574,6.0,574,665
2025-12-04,7,하드 벨로나 이상,574,0.0,574,665
2025-12-11,1,하드 스우 미만,580,12.0,571,665
2025-12-11,2,하드 스우 ~ 하드 진 힐라,580,35.0,571,665
2025-12-11,3,노멀 세렌 ~ 하드 세렌,580,21.0,571,665
2025-12-11,4,이지 카링 ~ 익스트림 스우,580,17.0,571,665
2025-12-11,5,노멀 흉성 ~ 노멀 림보,580,4.0,571,665
2025-12-11,6,익스트림 세렌 ~ 하드 림보,580,6.0,571,665
2025-12-11,7,하드 벨로나 이상,580,0.0,571,665
2025-12-18,1,하드 스우 미만,586,17.0,565,665
2025-12-18,2,하드 스우 ~ 하드 진 힐라,586,35.0,565,665
2025-12-18,3,노멀 세렌 ~ 하드 세렌,586,20.0,565,665
2025-12-18,4,이지 카링 ~ 익스트림 스우,586,18.0,565,665
2025-12-18,5,노멀 흉성 ~ 노멀 림보,586,4.0,565,665
2025-12-18,6,익스트림 세렌 ~ 하드 림보,586,7.0,565,665
2025-12-18,7,하드 벨로나 이상,586,0.0,565,665
2025-12-25,1,하드 스우 미만,593,18.0,558,665
2025-12-25,2,하드 스우 ~ 하드 진 힐라,593,39.0,558,665
2025-12-25,3,노멀 세렌 ~ 하드 세렌,593,21.0,558,665
2025-12-25,4,이지 카링 ~ 익스트림 스우,593,18.0,558,665
2025-12-25,5,노멀 흉성 ~ 노멀 림보,593,4.0,558,665
2025-12-25,6,익스트림 세렌 ~ 하드 림보,593,8.0,558,665
2025-12-25,7,하드 벨로나 이상,593,0.0,558,665
2026-01-01,1,하드 스우 미만,599,18.0,556,665
2026-01-01,2,하드 스우 ~ 하드 진 힐라,599,40.0,556,665
2026-01-01,3,노멀 세렌 ~ 하드 세렌,599,22.0,556,665
2026-01-01,4,이지 카링 ~ 익스트림 스우,599,18.0,556,665
2026-01-01,5,노멀 흉성 ~ 노멀 림보,599,4.0,556,665
2026-01-01,6,익스트림 세렌 ~ 하드 림보,599,8.0,556,665
2026-01-01,7,하드 벨로나 이상,599,0.0,556,665
2026-01-08,1,하드 스우 미만,606,16.0,555,665
2026-01-08,2,하드 스우 ~ 하드 진 힐라,606,42.0,555,665
2026-01-08,3,노멀 세렌 ~ 하드 세렌,606,22.0,555,665
2026-01-08,4,이지 카링 ~ 익스트림 스우,606,19.0,555,665
2026-01-08,5,노멀 흉성 ~ 노멀 림보,606,4.0,555,665
2026-01-08,6,익스트림 세렌 ~ 하드 림보,606,8.0,555,665
2026-01-08,7,하드 벨로나 이상,606,0.0,555,665
2026-01-15,1,하드 스우 미만,612,15.0,550,665
2026-01-15,2,하드 스우 ~ 하드 진 힐라,612,43.0,550,665
2026-01-15,3,노멀 세렌 ~ 하드 세렌,612,23.0,550,665
2026-01-15,4,이지 카링 ~ 익스트림 스우,612,20.0,550,665
2026-01-15,5,노멀 흉성 ~ 노멀 림보,612,5.0,550,665
2026-01-15,6,익스트림 세렌 ~ 하드 림보,612,10.0,550,665
2026-01-15,7,하드 벨로나 이상,612,0.0,550,665
2026-01-22,1,하드 스우 미만,619,15.0,547,665
2026-01-22,2,하드 스우 ~ 하드 진 힐라,619,42.0,547,665
2026-01-22,3,노멀 세렌 ~ 하드 세렌,619,24.0,547,665
2026-01-22,4,이지 카링 ~ 익스트림 스우,619,20.0,547,665
2026-01-22,5,노멀 흉성 ~ 노멀 림보,619,6.0,547,665
2026-01-22,6,익스트림 세렌 ~ 하드 림보,619,12.0,547,665
2026-01-22,7,하드 벨로나 이상,619,0.0,547,665
2026-01-29,1,하드 스우 미만,625,14.0,546,665
2026-01-29,2,하드 스우 ~ 하드 진 힐라,625,42.0,546,665
2026-01-29,3,노멀 세렌 ~ 하드 세렌,625,24.0,546,665
2026-01-29,4,이지 카링 ~ 익스트림 스우,625,21.0,546,665
2026-01-29,5,노멀 흉성 ~ 노멀 림보,625,6.0,546,665
2026-01-29,6,익스트림 세렌 ~ 하드 림보,625,13.0,546,665
2026-01-29,7,하드 벨로나 이상,625,0.0,546,665
2026-02-05,1,하드 스우 미만,632,13.0,545,665
2026-02-05,2,하드 스우 ~ 하드 진 힐라,632,42.0,545,665
2026-02-05,3,노멀 세렌 ~ 하드 세렌,632,25.0,545,665
2026-02-05,4,이지 카링 ~ 익스트림 스우,632,22.0,545,665
2026-02-05,5,노멀 흉성 ~ 노멀 림보,632,6.0,545,665
2026-02-05,6,익스트림 세렌 ~ 하드 림보,632,13.0,545,665
2026-02-05,7,하드 벨로나 이상,632,0.0,545,665
2026-02-12,1,하드 스우 미만,638,13.0,542,665
2026-02-12,2,하드 스우 ~ 하드 진 힐라,638,42.0,542,665
2026-02-12,3,노멀 세렌 ~ 하드 세렌,638,25.0,542,665
2026-02-12,4,이지 카링 ~ 익스트림 스우,638,22.0,542,665
2026-02-12,5,노멀 흉성 ~ 노멀 림보,638,7.0,542,665
2026-02-12,6,익스트림 세렌 ~ 하드 림보,638,15.0,542,665
2026-02-12,7,하드 벨로나 이상,638,0.0,542,665
2026-02-19,1,하드 스우 미만,645,13.0,540,665
2026-02-19,2,하드 스우 ~ 하드 진 힐라,645,41.0,540,665
2026-02-19,3,노멀 세렌 ~ 하드 세렌,645,26.0,540,665
2026-02-19,4,이지 카링 ~ 익스트림 스우,645,23.0,540,665
2026-02-19,5,노멀 흉성 ~ 노멀 림보,645,7.0,540,665
2026-02-19,6,익스트림 세렌 ~ 하드 림보,645,16.0,540,665
2026-02-19,7,하드 벨로나 이상,645,0.0,540,665
2026-02-26,1,하드 스우 미만,651,12.0,539,665
2026-02-26,2,하드 스우 ~ 하드 진 힐라,651,42.0,539,665
2026-02-26,3,노멀 세렌 ~ 하드 세렌,651,26.0,539,665
2026-02-26,4,이지 카링 ~ 익스트림 스우,651,23.0,539,665
2026-02-26,5,노멀 흉성 ~ 노멀 림보,651,8.0,539,665
2026-02-26,6,익스트림 세렌 ~ 하드 림보,651,16.0,539,665
2026-02-26,7,하드 벨로나 이상,651,0.0,539,665
2026-03-05,1,하드 스우 미만,657,12.0,539,665
2026-03-05,2,하드 스우 ~ 하드 진 힐라,657,40.0,539,665
2026-03-05,3,노멀 세렌 ~ 하드 세렌,657,27.0,539,665
2026-03-05,4,이지 카링 ~ 익스트림 스우,657,24.0,539,665
2026-03-05,5,노멀 흉성 ~ 노멀 림보,657,8.0,539,665
2026-03-05,6,익스트림 세렌 ~ 하드 림보,657,16.0,539,665
2026-03-05,7,하드 벨로나 이상,657,0.0,539,665
2026-03-12,1,하드 스우 미만,664,12.0,536,665
2026-03-12,2,하드 스우 ~ 하드 진 힐라,664,42.0,536,665
2026-03-12,3,노멀 세렌 ~ 하드 세렌,664,27.0,536,665
2026-03-12,4,이지 카링 ~ 익스트림 스우,664,25.0,536,665
2026-03-12,5,노멀 흉성 ~ 노멀 림보,664,8.0,536,665
2026-03-12,6,익스트림 세렌 ~ 하드 림보,664,16.0,536,665
2026-03-12,7,하드 벨로나 이상,664,0.0,536,665
2026-03-19,1,하드 스우 미만,670,13.0,523,665
2026-03-19,2,하드 스우 ~ 하드 진 힐라,670,44.0,523,665
2026-03-19,3,노멀 세렌 ~ 하드 세렌,670,31.0,523,665
2026-03-19,4,이지 카링 ~ 익스트림 스우,670,27.0,523,665
2026-03-19,5,노멀 흉성 ~ 노멀 림보,670,9.0,523,665
2026-03-19,6,익스트림 세렌 ~ 하드 림보,670,19.0,523,665
2026-03-19,7,하드 벨로나 이상,670,0.0,523,665
2026-03-26,1,하드 스우 미만,677,14.0,523,665
2026-03-26,2,하드 스우 ~ 하드 진 힐라,677,43.0,523,665
2026-03-26,3,노멀 세렌 ~ 하드 세렌,677,31.0,523,665
2026-03-26,4,이지 카링 ~ 익스트림 스우,677,27.0,523,665
2026-03-26,5,노멀 흉성 ~ 노멀 림보,677,9.0,523,665
2026-03-26,6,익스트림 세렌 ~ 하드 림보,677,19.0,523,665
2026-03-26,7,하드 벨로나 이상,677,0.0,523,665
2026-04-02,1,하드 스우 미만,683,13.0,522,665
2026-04-02,2,하드 스우 ~ 하드 진 힐라,683,43.0,522,665
2026-04-02,3,노멀 세렌 ~ 하드 세렌,683,32.0,522,665
2026-04-02,4,이지 카링 ~ 익스트림 스우,683,27.0,522,665
2026-04-02,5,노멀 흉성 ~ 노멀 림보,683,9.0,522,665
2026-04-02,6,익스트림 세렌 ~ 하드 림보,683,20.0,522,665
2026-04-02,7,하드 벨로나 이상,683,0.0,522,665
2026-04-09,1,하드 스우 미만,690,13.0,519,665
2026-04-09,2,하드 스우 ~ 하드 진 힐라,690,43.0,519,665
2026-04-09,3,노멀 세렌 ~ 하드 세렌,690,33.0,519,665
2026-04-09,4,이지 카링 ~ 익스트림 스우,690,28.0,519,665
2026-04-09,5,노멀 흉성 ~ 노멀 림보,690,9.0,519,665
2026-04-09,6,익스트림 세렌 ~ 하드 림보,690,21.0,519,665
2026-04-09,7,하드 벨로나 이상,690,0.0,519,665
2026-04-16,1,하드 스우 미만,696,12.0,518,665
2026-04-16,2,하드 스우 ~ 하드 진 힐라,696,43.0,518,665
2026-04-16,3,노멀 세렌 ~ 하드 세렌,696,33.0,518,665
2026-04-16,4,이지 카링 ~ 익스트림 스우,696,29.0,518,665
2026-04-16,5,노멀 흉성 ~ 노멀 림보,696,10.0,518,665
2026-04-16,6,익스트림 세렌 ~ 하드 림보,696,21.0,518,665
2026-04-16,7,하드 벨로나 이상,696,0.0,518,665
2026-04-23,1,하드 스우 미만,703,12.0,517,665
2026-04-23,2,하드 스우 ~ 하드 진 힐라,703,41.0,517,665
2026-04-23,3,노멀 세렌 ~ 하드 세렌,703,32.0,517,665
2026-04-23,4,이지 카링 ~ 익스트림 스우,703,30.0,517,665
2026-04-23,5,노멀 흉성 ~ 노멀 림보,703,10.0,517,665
2026-04-23,6,익스트림 세렌 ~ 하드 림보,703,23.0,517,665
2026-04-23,7,하드 벨로나 이상,703,1.0,517,665
2026-04-30,1,하드 스우 미만,709,12.0,514,665
2026-04-30,2,하드 스우 ~ 하드 진 힐라,709,40.0,514,665
2026-04-30,3,노멀 세렌 ~ 하드 세렌,709,33.0,514,665
2026-04-30,4,이지 카링 ~ 익스트림 스우,709,31.0,514,665
2026-04-30,5,노멀 흉성 ~ 노멀 림보,709,10.0,514,665
2026-04-30,6,익스트림 세렌 ~ 하드 림보,709,24.0,514,665
2026-04-30,7,하드 벨로나 이상,709,2.0,514,665
2026-05-07,1,하드 스우 미만,716,12.0,511,665
2026-05-07,2,하드 스우 ~ 하드 진 힐라,716,40.0,511,665
2026-05-07,3,노멀 세렌 ~ 하드 세렌,716,33.0,511,665
2026-05-07,4,이지 카링 ~ 익스트림 스우,716,31.0,511,665
2026-05-07,5,노멀 흉성 ~ 노멀 림보,716,11.0,511,665
2026-05-07,6,익스트림 세렌 ~ 하드 림보,716,26.0,511,665
2026-05-07,7,하드 벨로나 이상,716,2.0,511,665
2026-05-14,1,하드 스우 미만,722,12.0,510,665
2026-05-14,2,하드 스우 ~ 하드 진 힐라,722,40.0,510,665
2026-05-14,3,노멀 세렌 ~ 하드 세렌,722,33.0,510,665
2026-05-14,4,이지 카링 ~ 익스트림 스우,722,32.0,510,665
2026-05-14,5,노멀 흉성 ~ 노멀 림보,722,11.0,510,665
2026-05-14,6,익스트림 세렌 ~ 하드 림보,722,26.0,510,665
2026-05-14,7,하드 벨로나 이상,722,2.0,510,665
2026-05-21,1,하드 스우 미만,729,12.0,507,665
2026-05-21,2,하드 스우 ~ 하드 진 힐라,729,40.0,507,665
2026-05-21,3,노멀 세렌 ~ 하드 세렌,729,33.0,507,665
2026-05-21,4,이지 카링 ~ 익스트림 스우,729,33.0,507,665
2026-05-21,5,노멀 흉성 ~ 노멀 림보,729,11.0,507,665
2026-05-21,6,익스트림 세렌 ~ 하드 림보,729,27.0,507,665
2026-05-21,7,하드 벨로나 이상,729,3.0,507,665
2026-05-28,1,하드 스우 미만,735,12.0,503,665
2026-05-28,2,하드 스우 ~ 하드 진 힐라,735,41.0,503,665
2026-05-28,3,노멀 세렌 ~ 하드 세렌,735,34.0,503,665
2026-05-28,4,이지 카링 ~ 익스트림 스우,735,34.0,503,665
2026-05-28,5,노멀 흉성 ~ 노멀 림보,735,12.0,503,665
2026-05-28,6,익스트림 세렌 ~ 하드 림보,735,28.0,503,665
2026-05-28,7,하드 벨로나 이상,735,2.0,503,665
2026-06-04,1,하드 스우 미만,741,11.0,500,665
2026-06-04,2,하드 스우 ~ 하드 진 힐라,741,42.0,500,665
2026-06-04,3,노멀 세렌 ~ 하드 세렌,741,33.0,500,665
2026-06-04,4,이지 카링 ~ 익스트림 스우,741,35.0,500,665
2026-06-04,5,노멀 흉성 ~ 노멀 림보,741,12.0,500,665
2026-06-04,6,익스트림 세렌 ~ 하드 림보,741,30.0,500,665
2026-06-04,7,하드 벨로나 이상,741,3.0,500,665
2026-06-11,1,하드 스우 미만,748,12.0,494,665
2026-06-11,2,하드 스우 ~ 하드 진 힐라,748,43.0,494,665
2026-06-11,3,노멀 세렌 ~ 하드 세렌,748,35.0,494,665
2026-06-11,4,이지 카링 ~ 익스트림 스우,748,36.0,494,665
2026-06-11,5,노멀 흉성 ~ 노멀 림보,748,12.0,494,665
2026-06-11,6,익스트림 세렌 ~ 하드 림보,748,31.0,494,665
2026-06-11,7,하드 벨로나 이상,748,3.0,494,665
2026-06-18,1,하드 스우 미만,754,24.0,459,665
2026-06-18,2,하드 스우 ~ 하드 진 힐라,754,59.0,459,665
2026-06-18,3,노멀 세렌 ~ 하드 세렌,754,37.0,459,665
2026-06-18,4,이지 카링 ~ 익스트림 스우,754,39.0,459,665
2026-06-18,5,노멀 흉성 ~ 노멀 림보,754,13.0,459,665
2026-06-18,6,익스트림 세렌 ~ 하드 림보,754,31.0,459,665
2026-06-18,7,하드 벨로나 이상,754,4.0,459,665
2026-06-25,1,하드 스우 미만,761,20.0,435,665
2026-06-25,2,하드 스우 ~ 하드 진 힐라,761,77.0,435,665
2026-06-25,3,노멀 세렌 ~ 하드 세렌,761,47.0,435,665
2026-06-25,4,이지 카링 ~ 익스트림 스우,761,39.0,435,665
2026-06-25,5,노멀 흉성 ~ 노멀 림보,761,13.0,435,665
2026-06-25,6,익스트림 세렌 ~ 하드 림보,761,32.0,435,665
2026-06-25,7,하드 벨로나 이상,761,3.0,435,665
2026-07-02,1,하드 스우 미만,767,18.0,420,665
2026-07-02,2,하드 스우 ~ 하드 진 힐라,767,82.0,420,665
2026-07-02,3,노멀 세렌 ~ 하드 세렌,767,56.0,420,665
2026-07-02,4,이지 카링 ~ 익스트림 스우,767,40.0,420,665
2026-07-02,5,노멀 흉성 ~ 노멀 림보,767,14.0,420,665
2026-07-02,6,익스트림 세렌 ~ 하드 림보,767,33.0,420,665
2026-07-02,7,하드 벨로나 이상,767,3.0,420,665
2026-07-09,1,하드 스우 미만,774,16.0,410,665
2026-07-09,2,하드 스우 ~ 하드 진 힐라,774,85.0,410,665
2026-07-09,3,노멀 세렌 ~ 하드 세렌,774,62.0,410,665
2026-07-09,4,이지 카링 ~ 익스트림 스우,774,43.0,410,665
2026-07-09,5,노멀 흉성 ~ 노멀 림보,774,14.0,410,665
2026-07-09,6,익스트림 세렌 ~ 하드 림보,774,33.0,410,665
2026-07-09,7,하드 벨로나 이상,774,3.0,410,665
2026-07-16,1,하드 스우 미만,780,15.0,400,665
2026-07-16,2,하드 스우 ~ 하드 진 힐라,780,87.0,400,665
2026-07-16,3,노멀 세렌 ~ 하드 세렌,780,67.0,400,665
2026-07-16,4,이지 카링 ~ 익스트림 스우,780,45.0,400,665
2026-07-16,5,노멀 흉성 ~ 노멀 림보,780,15.0,400,665
2026-07-16,6,익스트림 세렌 ~ 하드 림보,780,34.0,400,665
2026-07-16,7,하드 벨로나 이상,780,3.0,400,665
2026-07-23,1,하드 스우 미만,787,14.0,389,665
2026-07-23,2,하드 스우 ~ 하드 진 힐라,787,87.0,389,665
2026-07-23,3,노멀 세렌 ~ 하드 세렌,787,72.0,389,665
2026-07-23,4,이지 카링 ~ 익스트림 스우,787,49.0,389,665
2026-07-23,5,노멀 흉성 ~ 노멀 림보,787,15.0,389,665
2026-07-23,6,익스트림 세렌 ~ 하드 림보,787,36.0,389,665
2026-07-23,7,하드 벨로나 이상,787,4.0,389,665
2026-07-30,1,하드 스우 미만,793,13.0,380,665
2026-07-30,2,하드 스우 ~ 하드 진 힐라,793,87.0,380,665
2026-07-30,3,노멀 세렌 ~ 하드 세렌,793,78.0,380,665
2026-07-30,4,이지 카링 ~ 익스트림 스우,793,51.0,380,665
2026-07-30,5,노멀 흉성 ~ 노멀 림보,793,16.0,380,665
2026-07-30,6,익스트림 세렌 ~ 하드 림보,793,37.0,380,665
2026-07-30,7,하드 벨로나 이상,793,4.0,380,665
2026-08-06,1,하드 스우 미만,800,12.0,371,665
2026-08-06,2,하드 스우 ~ 하드 진 힐라,800,87.0,371,665
2026-08-06,3,노멀 세렌 ~ 하드 세렌,800,80.0,371,665
2026-08-06,4,이지 카링 ~ 익스트림 스우,800,56.0,371,665
2026-08-06,5,노멀 흉성 ~ 노멀 림보,800,17.0,371,665
2026-08-06,6,익스트림 세렌 ~ 하드 림보,800,39.0,371,665
2026-08-06,7,하드 벨로나 이상,800,4.0,371,665
2026-08-13,1,하드 스우 미만,806,12.0,362,665
2026-08-13,2,하드 스우 ~ 하드 진 힐라,806,86.0,362,665
2026-08-13,3,노멀 세렌 ~ 하드 세렌,806,82.0,362,665
2026-08-13,4,이지 카링 ~ 익스트림 스우,806,61.0,362,665
2026-08-13,5,노멀 흉성 ~ 노멀 림보,806,18.0,362,665
2026-08-13,6,익스트림 세렌 ~ 하드 림보,806,40.0,362,665
2026-08-13,7,하드 벨로나 이상,806,5.0,362,665
2026-08-20,1,하드 스우 미만,813,11.0,345,665
2026-08-20,2,하드 스우 ~ 하드 진 힐라,813,81.0,345,665
2026-08-20,3,노멀 세렌 ~ 하드 세렌,813,80.0,345,665
2026-08-20,4,이지 카링 ~ 익스트림 스우,813,77.0,345,665
2026-08-20,5,노멀 흉성 ~ 노멀 림보,813,20.0,345,665
2026-08-20,6,익스트림 세렌 ~ 하드 림보,813,43.0,345,665
2026-08-20,7,하드 벨로나 이상,813,9.0,345,665
