date,series,x_week,y_center_estimate_px,y_possible_low_px,y_possible_high_px,status,bend_detected_here
2022-12-29,boss,373,697.0,692.0,699.0,observed_thick_stroke,True
2022-12-29,field,373,770.0,768.0,772.0,observed_thick_stroke,False
2022-12-29,azmoth,373,,,,not_observable_before_launch,False
2022-12-29,other_coin,373,,,,not_observable_before_introduction,False
2022-12-29,other,373,,,,unresolved_at_axis,False
2023-01-05,boss,380,693.0,690.0,695.0,observed_thick_stroke,False
2023-01-05,field,380,770.0,768.0,772.0,observed_thick_stroke,False
2023-01-05,azmoth,380,,,,not_observable_before_launch,False
2023-01-05,other_coin,380,,,,not_observable_before_introduction,False
2023-01-05,other,380,,,,unresolved_at_axis,False
2023-01-12,boss,388,689.0,687.0,692.0,observed_thick_stroke,True
2023-01-12,field,388,769.0,766.0,771.0,observed_thick_stroke,True
2023-01-12,azmoth,388,,,,not_observable_before_launch,False
2023-01-12,other_coin,388,,,,not_observable_before_introduction,False
2023-01-12,other,388,,,,unresolved_at_axis,False
2023-01-19,boss,396,691.0,689.0,694.0,observed_thick_stroke,True
2023-01-19,field,396,768.0,764.0,771.0,observed_thick_stroke,False
2023-01-19,azmoth,396,,,,not_observable_before_launch,False
2023-01-19,other_coin,396,,,,not_observable_before_introduction,False
2023-01-19,other,396,,,,unresolved_at_axis,False
2023-01-26,boss,403,690.0,687.0,692.0,observed_thick_stroke,False
2023-01-26,field,403,766.0,760.0,768.0,observed_thick_stroke,True
2023-01-26,azmoth,403,,,,not_observable_before_launch,False
2023-01-26,other_coin,403,,,,not_observable_before_introduction,False
2023-01-26,other,403,,,,unresolved_at_axis,False
2023-02-02,boss,411,689.0,687.0,692.0,observed_thick_stroke,True
2023-02-02,field,411,762.0,760.0,765.0,observed_thick_stroke,True
2023-02-02,azmoth,411,,,,not_observable_before_launch,False
2023-02-02,other_coin,411,,,,not_observable_before_introduction,False
2023-02-02,other,411,,,,unresolved_at_axis,False
2023-02-09,boss,419,694.0,691.0,699.0,observed_thick_stroke,False
2023-02-09,field,419,770.0,767.0,777.0,observed_thick_stroke,True
2023-02-09,azmoth,419,,,,not_observable_before_launch,False
2023-02-09,other_coin,419,,,,not_observable_before_introduction,False
2023-02-09,other,419,,,,unresolved_at_axis,False
2023-02-16,boss,426,700.0,696.0,703.0,observed_thick_stroke,True
2023-02-16,field,426,774.0,772.0,777.0,observed_thick_stroke,True
2023-02-16,azmoth,426,,,,not_observable_before_launch,False
2023-02-16,other_coin,426,,,,not_observable_before_introduction,False
2023-02-16,other,426,,,,unresolved_at_axis,False
2023-02-23,boss,434,700.0,697.0,702.0,observed_thick_stroke,True
2023-02-23,field,434,776.0,773.0,778.0,observed_thick_stroke,True
2023-02-23,azmoth,434,,,,not_observable_before_launch,False
2023-02-23,other_coin,434,,,,not_observable_before_introduction,False
2023-02-23,other,434,,,,unresolved_at_axis,False
2023-03-02,boss,441,705.0,702.0,707.0,observed_thick_stroke,False
2023-03-02,field,441,775.0,773.0,778.0,observed_thick_stroke,True
2023-03-02,azmoth,441,,,,not_observable_before_launch,False
2023-03-02,other_coin,441,,,,not_observable_before_introduction,False
2023-03-02,other,441,,,,unresolved_at_axis,False
2023-03-09,boss,449,712.0,710.0,716.0,observed_thick_stroke,False
2023-03-09,field,449,776.0,774.0,780.0,observed_thick_stroke,True
2023-03-09,azmoth,449,,,,not_observable_before_launch,False
2023-03-09,other_coin,449,,,,not_observable_before_introduction,False
2023-03-09,other,449,,,,unresolved_at_axis,False
2023-03-16,boss,456,720.0,717.0,722.0,observed_thick_stroke,False
2023-03-16,field,456,786.0,780.0,788.0,observed_thick_stroke,True
2023-03-16,azmoth,456,,,,not_observable_before_launch,False
2023-03-16,other_coin,456,,,,not_observable_before_introduction,False
2023-03-16,other,456,,,,unresolved_at_axis,False
2023-03-23,boss,464,725.0,722.0,727.0,observed_thick_stroke,True
2023-03-23,field,464,787.0,784.0,789.0,observed_thick_stroke,False
2023-03-23,azmoth,464,,,,not_observable_before_launch,False
2023-03-23,other_coin,464,,,,not_observable_before_introduction,False
2023-03-23,other,464,,,,unresolved_at_axis,False
2023-03-30,boss,472,726.0,724.0,728.0,observed_thick_stroke,False
2023-03-30,field,472,786.0,783.0,788.0,observed_thick_stroke,False
2023-03-30,azmoth,472,,,,not_observable_before_launch,False
2023-03-30,other_coin,472,,,,not_observable_before_introduction,False
2023-03-30,other,472,,,,unresolved_at_axis,False
2023-04-06,boss,479,728.0,725.0,730.0,observed_thick_stroke,True
2023-04-06,field,479,785.0,781.0,787.0,observed_thick_stroke,False
2023-04-06,azmoth,479,,,,not_observable_before_launch,False
2023-04-06,other_coin,479,,,,not_observable_before_introduction,False
2023-04-06,other,479,,,,unresolved_at_axis,False
2023-04-13,boss,487,727.0,723.0,729.0,observed_thick_stroke,False
2023-04-13,field,487,782.0,780.0,785.0,observed_thick_stroke,False
2023-04-13,azmoth,487,,,,not_observable_before_launch,False
2023-04-13,other_coin,487,,,,not_observable_before_introduction,False
2023-04-13,other,487,,,,unresolved_at_axis,False
2023-04-20,boss,494,721.0,715.0,725.0,observed_thick_stroke,False
2023-04-20,field,494,781.0,779.0,783.0,observed_thick_stroke,False
2023-04-20,azmoth,494,,,,not_observable_before_launch,False
2023-04-20,other_coin,494,,,,not_observable_before_introduction,False
2023-04-20,other,494,,,,unresolved_at_axis,False
2023-04-27,boss,502,713.0,711.0,716.0,observed_thick_stroke,True
2023-04-27,field,502,780.0,777.0,782.0,observed_thick_stroke,False
2023-04-27,azmoth,502,,,,not_observable_before_launch,False
2023-04-27,other_coin,502,,,,not_observable_before_introduction,False
2023-04-27,other,502,,,,unresolved_at_axis,False
2023-05-04,boss,510,712.0,710.0,714.0,observed_thick_stroke,False
2023-05-04,field,510,778.0,775.0,780.0,observed_thick_stroke,False
2023-05-04,azmoth,510,,,,not_observable_before_launch,False
2023-05-04,other_coin,510,,,,not_observable_before_introduction,False
2023-05-04,other,510,,,,unresolved_at_axis,False
2023-05-11,boss,517,713.0,710.0,715.0,observed_thick_stroke,True
2023-05-11,field,517,777.0,775.0,779.0,observed_thick_stroke,False
2023-05-11,azmoth,517,,,,not_observable_before_launch,False
2023-05-11,other_coin,517,,,,not_observable_before_introduction,False
2023-05-11,other,517,,,,unresolved_at_axis,False
2023-05-18,boss,525,712.0,710.0,714.0,observed_thick_stroke,False
2023-05-18,field,525,778.0,776.0,780.0,observed_thick_stroke,True
2023-05-18,azmoth,525,,,,not_observable_before_launch,False
2023-05-18,other_coin,525,,,,not_observable_before_introduction,False
2023-05-18,other,525,,,,unresolved_at_axis,False
2023-05-25,boss,532,710.0,708.0,712.0,observed_thick_stroke,True
2023-05-25,field,532,774.0,772.0,779.0,observed_thick_stroke,True
2023-05-25,azmoth,532,,,,not_observable_before_launch,False
2023-05-25,other_coin,532,,,,not_observable_before_introduction,False
2023-05-25,other,532,,,,unresolved_at_axis,False
2023-06-01,boss,540,705.0,702.0,708.0,observed_thick_stroke,True
2023-06-01,field,540,775.0,773.0,777.0,observed_thick_stroke,True
2023-06-01,azmoth,540,,,,not_observable_before_launch,False
2023-06-01,other_coin,540,,,,not_observable_before_introduction,False
2023-06-01,other,540,,,,unresolved_at_axis,False
2023-06-08,boss,548,694.0,690.0,699.0,observed_thick_stroke,False
2023-06-08,field,548,769.0,767.0,775.0,observed_thick_stroke,False
2023-06-08,azmoth,548,,,,not_observable_before_launch,False
2023-06-08,other_coin,548,,,,not_observable_before_introduction,False
2023-06-08,other,548,,,,unresolved_at_axis,False
2023-06-15,boss,555,679.0,671.0,690.0,observed_thick_stroke,False
2023-06-15,field,555,759.0,752.0,763.0,observed_thick_stroke,False
2023-06-15,azmoth,555,,,,not_observable_before_launch,False
2023-06-15,other_coin,555,,,,not_observable_before_introduction,False
2023-06-15,other,555,,,,unresolved_at_axis,False
2023-06-22,boss,563,663.0,654.0,672.0,observed_thick_stroke,False
2023-06-22,field,563,750.0,748.0,755.0,observed_thick_stroke,True
2023-06-22,azmoth,563,,,,not_observable_before_launch,False
2023-06-22,other_coin,563,,,,not_observable_before_introduction,False
2023-06-22,other,563,,,,unresolved_at_axis,False
2023-06-29,boss,572,645.0,639.0,651.0,observed_thick_stroke,False
2023-06-29,field,572,747.0,742.0,750.0,observed_thick_stroke,True
2023-06-29,azmoth,572,,,,not_observable_before_launch,False
2023-06-29,other_coin,572,,,,not_observable_before_introduction,False
2023-06-29,other,572,,,,unresolved_at_axis,False
2023-07-06,boss,581,629.0,627.0,635.0,observed_thick_stroke,False
2023-07-06,field,581,734.0,716.0,736.0,observed_thick_stroke,True
2023-07-06,azmoth,581,,,,not_observable_before_launch,False
2023-07-06,other_coin,581,,,,not_observable_before_introduction,False
2023-07-06,other,581,,,,unresolved_at_axis,False
2023-07-13,boss,587,622.0,615.0,624.0,observed_thick_stroke,True
2023-07-13,field,587,679.0,677.0,703.0,observed_thick_stroke,False
2023-07-13,azmoth,587,,,,not_observable_before_launch,False
2023-07-13,other_coin,587,,,,not_observable_before_introduction,False
2023-07-13,other,587,,,,unresolved_at_axis,False
2023-07-20,boss,594,613.0,610.0,618.0,observed_thick_stroke,False
2023-07-20,field,594,679.0,677.0,684.0,observed_thick_stroke,True
2023-07-20,azmoth,594,,,,not_observable_before_launch,False
2023-07-20,other_coin,594,,,,not_observable_before_introduction,False
2023-07-20,other,594,,,,unresolved_at_axis,False
2023-07-27,boss,601,608.0,604.0,610.0,observed_thick_stroke,False
2023-07-27,field,601,686.0,682.0,688.0,observed_thick_stroke,True
2023-07-27,azmoth,601,,,,not_observable_before_launch,False
2023-07-27,other_coin,601,,,,not_observable_before_introduction,False
2023-07-27,other,601,,,,unresolved_at_axis,False
2023-08-03,boss,608,601.0,598.0,604.0,observed_thick_stroke,True
2023-08-03,field,608,687.0,685.0,690.0,observed_thick_stroke,True
2023-08-03,azmoth,608,,,,not_observable_before_launch,False
2023-08-03,other_coin,608,,,,not_observable_before_introduction,False
2023-08-03,other,608,,,,unresolved_at_axis,False
2023-08-10,boss,616,599.0,597.0,602.0,observed_thick_stroke,True
2023-08-10,field,616,683.0,681.0,685.0,observed_thick_stroke,True
2023-08-10,azmoth,616,,,,not_observable_before_launch,False
2023-08-10,other_coin,616,,,,not_observable_before_introduction,False
2023-08-10,other,616,,,,unresolved_at_axis,False
2023-08-17,boss,623,603.0,600.0,605.0,observed_thick_stroke,True
2023-08-17,field,623,686.0,684.0,691.0,observed_thick_stroke,True
2023-08-17,azmoth,623,,,,not_observable_before_launch,False
2023-08-17,other_coin,623,,,,not_observable_before_introduction,False
2023-08-17,other,623,,,,unresolved_at_axis,False
2023-08-24,boss,631,602.0,600.0,605.0,observed_thick_stroke,False
2023-08-24,field,631,692.0,688.0,694.0,observed_thick_stroke,True
2023-08-24,azmoth,631,,,,not_observable_before_launch,False
2023-08-24,other_coin,631,,,,not_observable_before_introduction,False
2023-08-24,other,631,,,,unresolved_at_axis,False
2023-08-31,boss,639,599.0,597.0,601.0,observed_thick_stroke,True
2023-08-31,field,639,693.0,691.0,696.0,observed_thick_stroke,True
2023-08-31,azmoth,639,,,,not_observable_before_launch,False
2023-08-31,other_coin,639,,,,not_observable_before_introduction,False
2023-08-31,other,639,,,,unresolved_at_axis,False
2023-09-07,boss,647,604.0,601.0,608.0,observed_thick_stroke,True
2023-09-07,field,647,703.0,697.0,705.0,observed_thick_stroke,True
2023-09-07,azmoth,647,,,,not_observable_before_launch,False
2023-09-07,other_coin,647,,,,not_observable_before_introduction,False
2023-09-07,other,647,,,,unresolved_at_axis,False
2023-09-14,boss,654,607.0,604.0,609.0,observed_thick_stroke,True
2023-09-14,field,654,705.0,702.0,707.0,observed_thick_stroke,True
2023-09-14,azmoth,654,,,,not_observable_before_launch,False
2023-09-14,other_coin,654,,,,not_observable_before_introduction,False
2023-09-14,other,654,,,,unresolved_at_axis,False
2023-09-21,boss,662,599.0,597.0,605.0,observed_thick_stroke,False
2023-09-21,field,662,708.0,705.0,710.0,observed_thick_stroke,True
2023-09-21,azmoth,662,,,,not_observable_before_launch,False
2023-09-21,other_coin,662,,,,not_observable_before_introduction,False
2023-09-21,other,662,,,,unresolved_at_axis,False
2023-09-28,boss,670,589.0,587.0,593.0,observed_thick_stroke,True
2023-09-28,field,670,706.0,704.0,709.0,observed_thick_stroke,True
2023-09-28,azmoth,670,,,,not_observable_before_launch,False
2023-09-28,other_coin,670,,,,not_observable_before_introduction,False
2023-09-28,other,670,,,,unresolved_at_axis,False
2023-10-05,boss,678,603.0,595.0,608.0,observed_thick_stroke,True
2023-10-05,field,678,714.0,712.0,717.0,observed_thick_stroke,True
2023-10-05,azmoth,678,,,,not_observable_before_launch,False
2023-10-05,other_coin,678,,,,not_observable_before_introduction,False
2023-10-05,other,678,,,,unresolved_at_axis,False
2023-10-12,boss,685,609.0,605.0,611.0,observed_thick_stroke,True
2023-10-12,field,685,713.0,710.0,716.0,observed_thick_stroke,True
2023-10-12,azmoth,685,,,,not_observable_before_launch,False
2023-10-12,other_coin,685,,,,not_observable_before_introduction,False
2023-10-12,other,685,,,,unresolved_at_axis,False
2023-10-19,boss,692,608.0,605.0,611.0,observed_thick_stroke,True
2023-10-19,field,692,711.0,709.0,714.0,observed_thick_stroke,True
2023-10-19,azmoth,692,,,,not_observable_before_launch,False
2023-10-19,other_coin,692,,,,not_observable_before_introduction,False
2023-10-19,other,692,,,,unresolved_at_axis,False
2023-10-26,boss,700,602.0,600.0,605.0,observed_thick_stroke,False
2023-10-26,field,700,712.0,709.0,715.0,observed_thick_stroke,False
2023-10-26,azmoth,700,,,,not_observable_before_launch,False
2023-10-26,other_coin,700,,,,not_observable_before_introduction,False
2023-10-26,other,700,,,,unresolved_at_axis,False
2023-11-02,boss,707,598.0,596.0,602.0,observed_thick_stroke,True
2023-11-02,field,707,717.0,713.0,720.0,observed_thick_stroke,True
2023-11-02,azmoth,707,,,,not_observable_before_launch,False
2023-11-02,other_coin,707,,,,not_observable_before_introduction,False
2023-11-02,other,707,,,,unresolved_at_axis,False
2023-11-09,boss,715,605.0,601.0,609.0,observed_thick_stroke,True
2023-11-09,field,715,718.0,716.0,722.0,observed_thick_stroke,True
2023-11-09,azmoth,715,,,,not_observable_before_launch,False
2023-11-09,other_coin,715,,,,not_observable_before_introduction,False
2023-11-09,other,715,,,,unresolved_at_axis,False
2023-11-16,boss,722,609.0,606.0,611.0,observed_thick_stroke,False
2023-11-16,field,722,721.0,719.0,727.0,observed_thick_stroke,True
2023-11-16,azmoth,722,,,,not_observable_before_launch,False
2023-11-16,other_coin,722,,,,not_observable_before_introduction,False
2023-11-16,other,722,,,,unresolved_at_axis,False
2023-11-23,boss,730,615.0,610.0,617.0,observed_thick_stroke,True
2023-11-23,field,730,734.0,725.0,736.0,observed_thick_stroke,True
2023-11-23,azmoth,730,,,,not_observable_before_launch,False
2023-11-23,other_coin,730,,,,not_observable_before_introduction,False
2023-11-23,other,730,,,,unresolved_at_axis,False
2023-11-30,boss,738,609.0,607.0,613.0,observed_thick_stroke,True
2023-11-30,field,738,737.0,735.0,740.0,observed_thick_stroke,False
2023-11-30,azmoth,738,,,,not_observable_before_launch,False
2023-11-30,other_coin,738,,,,not_observable_before_introduction,False
2023-11-30,other,738,,,,unresolved_at_axis,False
2023-12-07,boss,746,621.0,615.0,623.0,observed_thick_stroke,True
2023-12-07,field,746,740.0,738.0,742.0,observed_thick_stroke,True
2023-12-07,azmoth,746,,,,not_observable_before_launch,False
2023-12-07,other_coin,746,,,,not_observable_before_introduction,False
2023-12-07,other,746,,,,unresolved_at_axis,False
2023-12-14,boss,753,618.0,612.0,621.0,observed_thick_stroke,True
2023-12-14,field,753,740.0,732.0,743.0,observed_thick_stroke,True
2023-12-14,azmoth,753,,,,not_observable_before_launch,False
2023-12-14,other_coin,753,,,,not_observable_before_introduction,False
2023-12-14,other,753,,,,unresolved_at_axis,False
2023-12-21,boss,760,599.0,591.0,606.0,observed_thick_stroke,False
2023-12-21,field,760,729.0,723.0,737.0,observed_thick_stroke,True
2023-12-21,azmoth,760,,,,not_observable_before_launch,False
2023-12-21,other_coin,760,,,,not_observable_before_introduction,False
2023-12-21,other,760,,,,unresolved_at_axis,False
2023-12-28,boss,768,584.0,582.0,588.0,observed_thick_stroke,True
2023-12-28,field,768,723.0,721.0,725.0,observed_thick_stroke,False
2023-12-28,azmoth,768,,,,not_observable_before_launch,False
2023-12-28,other_coin,768,,,,not_observable_before_introduction,False
2023-12-28,other,768,,,,unresolved_at_axis,False
2024-01-04,boss,776,586.0,583.0,588.0,observed_thick_stroke,False
2024-01-04,field,776,722.0,716.0,724.0,observed_thick_stroke,True
2024-01-04,azmoth,776,,,,not_observable_before_launch,False
2024-01-04,other_coin,776,,,,not_observable_before_introduction,False
2024-01-04,other,776,,,,unresolved_at_axis,False
2024-01-11,boss,783,585.0,583.0,588.0,observed_thick_stroke,True
2024-01-11,field,783,713.0,709.0,720.0,observed_thick_stroke,False
2024-01-11,azmoth,783,,,,not_observable_before_launch,False
2024-01-11,other_coin,783,,,,not_observable_before_introduction,False
2024-01-11,other,783,,,,unresolved_at_axis,False
2024-01-18,boss,791,580.0,578.0,584.0,observed_thick_stroke,True
2024-01-18,field,791,702.0,700.0,704.0,observed_thick_stroke,True
2024-01-18,azmoth,791,,,,not_observable_before_launch,False
2024-01-18,other_coin,791,,,,not_observable_before_introduction,False
2024-01-18,other,791,,,,unresolved_at_axis,False
2024-01-25,boss,799,580.0,578.0,584.0,observed_thick_stroke,True
2024-01-25,field,799,712.0,710.0,720.0,observed_thick_stroke,True
2024-01-25,azmoth,799,,,,not_observable_before_launch,False
2024-01-25,other_coin,799,,,,not_observable_before_introduction,False
2024-01-25,other,799,,,,unresolved_at_axis,False
2024-02-01,boss,807,570.0,568.0,575.0,observed_thick_stroke,True
2024-02-01,field,807,720.0,716.0,722.0,observed_thick_stroke,False
2024-02-01,azmoth,807,,,,not_observable_before_launch,False
2024-02-01,other_coin,807,,,,not_observable_before_introduction,False
2024-02-01,other,807,,,,unresolved_at_axis,False
2024-02-08,boss,814,585.0,578.0,588.0,observed_thick_stroke,True
2024-02-08,field,814,723.0,721.0,726.0,observed_thick_stroke,True
2024-02-08,azmoth,814,,,,not_observable_before_launch,False
2024-02-08,other_coin,814,,,,not_observable_before_introduction,False
2024-02-08,other,814,,,,unresolved_at_axis,False
2024-02-15,boss,822,587.0,585.0,589.0,observed_thick_stroke,False
2024-02-15,field,822,724.0,721.0,726.0,observed_thick_stroke,True
2024-02-15,azmoth,822,,,,not_observable_before_launch,False
2024-02-15,other_coin,822,,,,not_observable_before_introduction,False
2024-02-15,other,822,,,,unresolved_at_axis,False
2024-02-22,boss,830,587.0,583.0,589.0,observed_thick_stroke,True
2024-02-22,field,830,720.0,717.0,723.0,observed_thick_stroke,True
2024-02-22,azmoth,830,,,,not_observable_before_launch,False
2024-02-22,other_coin,830,,,,unresolved_rgb,False
2024-02-22,other,830,,,,unresolved_at_axis,False
2024-02-29,boss,836,570.0,566.0,576.0,observed_thick_stroke,True
2024-02-29,field,836,719.0,717.0,721.0,observed_thick_stroke,False
2024-02-29,azmoth,836,,,,not_observable_before_launch,False
2024-02-29,other_coin,836,773.0,771.0,777.0,observed_thick_stroke,True
2024-02-29,other,836,,,,unresolved_at_axis,False
2024-03-07,boss,844,579.0,572.0,586.0,observed_thick_stroke,True
2024-03-07,field,844,719.0,717.0,721.0,observed_thick_stroke,False
2024-03-07,azmoth,844,,,,not_observable_before_launch,False
2024-03-07,other_coin,844,784.0,778.0,789.0,observed_thick_stroke,True
2024-03-07,other,844,,,,unresolved_at_axis,False
2024-03-14,boss,852,586.0,582.0,588.0,observed_thick_stroke,True
2024-03-14,field,852,719.0,717.0,721.0,observed_thick_stroke,True
2024-03-14,azmoth,852,,,,not_observable_before_launch,False
2024-03-14,other_coin,852,787.0,783.0,789.0,observed_thick_stroke,True
2024-03-14,other,852,,,,unresolved_at_axis,False
2024-03-21,boss,860,598.0,594.0,600.0,observed_thick_stroke,True
2024-03-21,field,860,724.0,719.0,726.0,observed_thick_stroke,False
2024-03-21,azmoth,860,,,,not_observable_before_launch,False
2024-03-21,other_coin,860,789.0,787.0,791.0,observed_thick_stroke,True
2024-03-21,other,860,,,,unresolved_at_axis,False
2024-03-28,boss,868,590.0,588.0,593.0,observed_thick_stroke,True
2024-03-28,field,868,725.0,723.0,727.0,observed_thick_stroke,True
2024-03-28,azmoth,868,,,,not_observable_before_launch,False
2024-03-28,other_coin,868,786.0,783.0,788.0,observed_thick_stroke,True
2024-03-28,other,868,,,,unresolved_at_axis,False
2024-04-04,boss,876,593.0,591.0,599.0,observed_thick_stroke,True
2024-04-04,field,876,690.0,688.0,705.0,observed_thick_stroke,True
2024-04-04,azmoth,876,,,,not_observable_before_launch,False
2024-04-04,other_coin,876,789.0,786.0,792.0,observed_thick_stroke,False
2024-04-04,other,876,,,,unresolved_at_axis,False
2024-04-11,boss,883,601.0,597.0,603.0,observed_thick_stroke,True
2024-04-11,field,883,698.0,690.0,707.0,observed_thick_stroke,False
2024-04-11,azmoth,883,,,,not_observable_before_launch,False
2024-04-11,other_coin,883,792.0,789.0,795.0,observed_thick_stroke,False
2024-04-11,other,883,,,,unresolved_at_axis,False
2024-04-18,boss,890,596.0,592.0,598.0,observed_thick_stroke,True
2024-04-18,field,890,711.0,702.0,713.0,observed_thick_stroke,True
2024-04-18,azmoth,890,,,,not_observable_before_launch,False
2024-04-18,other_coin,890,793.0,790.0,795.0,observed_thick_stroke,True
2024-04-18,other,890,,,,unresolved_at_axis,False
2024-04-25,boss,897,580.0,575.0,590.0,observed_thick_stroke,False
2024-04-25,field,897,713.0,710.0,715.0,observed_thick_stroke,False
2024-04-25,azmoth,897,,,,not_observable_before_launch,False
2024-04-25,other_coin,897,787.0,785.0,789.0,observed_thick_stroke,True
2024-04-25,other,897,,,,unresolved_at_axis,False
2024-05-02,boss,905,575.0,573.0,577.0,observed_thick_stroke,True
2024-05-02,field,905,714.0,711.0,718.0,observed_thick_stroke,True
2024-05-02,azmoth,905,,,,not_observable_before_launch,False
2024-05-02,other_coin,905,788.0,785.0,790.0,observed_thick_stroke,True
2024-05-02,other,905,,,,unresolved_at_axis,False
2024-05-09,boss,912,584.0,577.0,587.0,observed_thick_stroke,False
2024-05-09,field,912,714.0,712.0,717.0,observed_thick_stroke,True
2024-05-09,azmoth,912,,,,not_observable_before_launch,False
2024-05-09,other_coin,912,792.0,786.0,794.0,observed_thick_stroke,True
2024-05-09,other,912,,,,unresolved_at_axis,False
2024-05-16,boss,920,589.0,587.0,591.0,observed_thick_stroke,True
2024-05-16,field,920,716.0,714.0,718.0,observed_thick_stroke,True
2024-05-16,azmoth,920,,,,not_observable_before_launch,False
2024-05-16,other_coin,920,792.0,790.0,795.0,observed_thick_stroke,False
2024-05-16,other,920,,,,unresolved_at_axis,False
2024-05-23,boss,928,583.0,573.0,589.0,observed_thick_stroke,False
2024-05-23,field,928,713.0,711.0,716.0,observed_thick_stroke,True
2024-05-23,azmoth,928,,,,not_observable_before_launch,False
2024-05-23,other_coin,928,788.0,786.0,794.0,observed_thick_stroke,True
2024-05-23,other,928,,,,unresolved_at_axis,False
2024-05-30,boss,936,563.0,560.0,569.0,observed_thick_stroke,True
2024-05-30,field,936,715.0,712.0,717.0,observed_thick_stroke,True
2024-05-30,azmoth,936,,,,not_observable_before_launch,False
2024-05-30,other_coin,936,782.0,780.0,787.0,observed_thick_stroke,True
2024-05-30,other,936,,,,unresolved_at_axis,False
2024-06-06,boss,943,569.0,565.0,571.0,observed_thick_stroke,True
2024-06-06,field,943,706.0,704.0,710.0,observed_thick_stroke,True
2024-06-06,azmoth,943,,,,not_observable_before_launch,False
2024-06-06,other_coin,943,786.0,783.0,791.0,observed_thick_stroke,False
2024-06-06,other,943,,,,unresolved_at_axis,False
2024-06-13,boss,950,569.0,567.0,571.0,observed_thick_stroke,True
2024-06-13,field,950,707.0,705.0,709.0,observed_thick_stroke,True
2024-06-13,azmoth,950,,,,not_observable_before_launch,False
2024-06-13,other_coin,950,791.0,787.0,793.0,observed_thick_stroke,True
2024-06-13,other,950,,,,unresolved_at_axis,False
2024-06-20,boss,958,561.0,554.0,567.0,observed_thick_stroke,False
2024-06-20,field,958,711.0,708.0,713.0,observed_thick_stroke,True
2024-06-20,azmoth,958,,,,not_observable_before_launch,False
2024-06-20,other_coin,958,788.0,783.0,790.0,observed_thick_stroke,True
2024-06-20,other,958,,,,unresolved_at_axis,False
2024-06-27,boss,965,529.0,524.0,547.0,observed_thick_stroke,True
2024-06-27,field,965,710.0,708.0,712.0,observed_thick_stroke,False
2024-06-27,azmoth,965,,,,not_observable_before_launch,False
2024-06-27,other_coin,965,782.0,778.0,784.0,observed_thick_stroke,True
2024-06-27,other,965,,,,unresolved_at_axis,False
2024-07-04,boss,973,529.0,526.0,533.0,observed_thick_stroke,False
2024-07-04,field,973,710.0,707.0,712.0,observed_thick_stroke,True
2024-07-04,azmoth,973,,,,not_observable_before_launch,False
2024-07-04,other_coin,973,788.0,781.0,791.0,observed_thick_stroke,True
2024-07-04,other,973,,,,unresolved_at_axis,False
2024-07-11,boss,981,535.0,532.0,537.0,observed_thick_stroke,True
2024-07-11,field,981,710.0,707.0,712.0,observed_thick_stroke,False
2024-07-11,azmoth,981,,,,not_observable_before_launch,False
2024-07-11,other_coin,981,790.0,788.0,792.0,observed_thick_stroke,False
2024-07-11,other,981,,,,unresolved_at_axis,False
2024-07-18,boss,989,530.0,527.0,536.0,observed_thick_stroke,False
2024-07-18,field,989,711.0,708.0,713.0,observed_thick_stroke,True
2024-07-18,azmoth,989,,,,not_observable_before_launch,False
2024-07-18,other_coin,989,789.0,787.0,792.0,observed_thick_stroke,True
2024-07-18,other,989,,,,unresolved_at_axis,False
2024-07-25,boss,997,526.0,522.0,528.0,observed_thick_stroke,True
2024-07-25,field,997,710.0,708.0,712.0,observed_thick_stroke,False
2024-07-25,azmoth,997,,,,not_observable_before_launch,False
2024-07-25,other_coin,997,788.0,785.0,790.0,observed_thick_stroke,True
2024-07-25,other,997,,,,unresolved_at_axis,False
2024-08-01,boss,1004,503.0,499.0,508.0,observed_thick_stroke,True
2024-08-01,field,1004,709.0,707.0,711.0,observed_thick_stroke,True
2024-08-01,azmoth,1004,,,,not_observable_before_launch,False
2024-08-01,other_coin,1004,783.0,781.0,787.0,observed_thick_stroke,True
2024-08-01,other,1004,,,,unresolved_at_axis,False
2024-08-08,boss,1011,515.0,507.0,525.0,observed_thick_stroke,False
2024-08-08,field,1011,705.0,703.0,708.0,observed_thick_stroke,True
2024-08-08,azmoth,1011,,,,not_observable_before_launch,False
2024-08-08,other_coin,1011,785.0,783.0,790.0,observed_thick_stroke,False
2024-08-08,other,1011,,,,unresolved_at_axis,False
2024-08-15,boss,1019,525.0,522.0,527.0,observed_thick_stroke,True
2024-08-15,field,1019,693.0,691.0,700.0,observed_thick_stroke,True
2024-08-15,azmoth,1019,,,,not_observable_before_launch,False
2024-08-15,other_coin,1019,795.0,790.0,797.0,observed_thick_stroke,True
2024-08-15,other,1019,,,,unresolved_at_axis,False
2024-08-22,boss,1027,522.0,519.0,526.0,observed_thick_stroke,True
2024-08-22,field,1027,696.0,694.0,698.0,observed_thick_stroke,True
2024-08-22,azmoth,1027,,,,not_observable_before_launch,False
2024-08-22,other_coin,1027,789.0,783.0,793.0,observed_thick_stroke,False
2024-08-22,other,1027,,,,unresolved_at_axis,False
2024-08-29,boss,1034,501.0,499.0,515.0,observed_thick_stroke,True
2024-08-29,field,1034,697.0,695.0,700.0,observed_thick_stroke,False
2024-08-29,azmoth,1034,,,,not_observable_before_launch,False
2024-08-29,other_coin,1034,781.0,779.0,784.0,observed_thick_stroke,True
2024-08-29,other,1034,,,,unresolved_at_axis,False
2024-09-05,boss,1042,506.0,502.0,508.0,observed_thick_stroke,True
2024-09-05,field,1042,697.0,694.0,699.0,observed_thick_stroke,True
2024-09-05,azmoth,1042,,,,not_observable_before_launch,False
2024-09-05,other_coin,1042,791.0,788.0,793.0,observed_thick_stroke,True
2024-09-05,other,1042,,,,unresolved_at_axis,False
2024-09-12,boss,1050,497.0,495.0,502.0,observed_thick_stroke,False
2024-09-12,field,1050,692.0,690.0,696.0,observed_thick_stroke,False
2024-09-12,azmoth,1050,,,,not_observable_before_launch,False
2024-09-12,other_coin,1050,792.0,789.0,794.0,observed_thick_stroke,True
2024-09-12,other,1050,,,,unresolved_at_axis,False
2024-09-19,boss,1059,488.0,483.0,495.0,observed_thick_stroke,True
2024-09-19,field,1059,690.0,686.0,692.0,observed_thick_stroke,True
2024-09-19,azmoth,1059,,,,not_observable_before_launch,False
2024-09-19,other_coin,1059,786.0,784.0,788.0,observed_thick_stroke,True
2024-09-19,other,1059,,,,unresolved_at_axis,False
2024-09-26,boss,1065,464.0,462.0,475.0,observed_thick_stroke,False
2024-09-26,field,1065,689.0,687.0,692.0,observed_thick_stroke,True
2024-09-26,azmoth,1065,,,,not_observable_before_launch,False
2024-09-26,other_coin,1065,778.0,776.0,783.0,observed_thick_stroke,True
2024-09-26,other,1065,,,,unresolved_at_axis,False
2024-10-03,boss,1073,462.0,460.0,465.0,observed_thick_stroke,True
2024-10-03,field,1073,687.0,684.0,689.0,observed_thick_stroke,True
2024-10-03,azmoth,1073,,,,not_observable_before_launch,False
2024-10-03,other_coin,1073,788.0,781.0,792.0,observed_thick_stroke,True
2024-10-03,other,1073,,,,unresolved_at_axis,False
2024-10-10,boss,1080,476.0,467.0,478.0,observed_thick_stroke,False
2024-10-10,field,1080,693.0,691.0,699.0,observed_thick_stroke,True
2024-10-10,azmoth,1080,,,,not_observable_before_launch,False
2024-10-10,other_coin,1080,793.0,790.0,796.0,observed_thick_stroke,False
2024-10-10,other,1080,,,,unresolved_at_axis,False
2024-10-17,boss,1087,502.0,486.0,506.0,observed_thick_stroke,True
2024-10-17,field,1087,707.0,701.0,710.0,observed_thick_stroke,True
2024-10-17,azmoth,1087,754.5,752.0,757.0,observed_thick_stroke,False
2024-10-17,other_coin,1087,798.0,796.0,801.0,observed_thick_stroke,False
2024-10-17,other,1087,,,,unresolved_at_axis,False
2024-10-24,boss,1095,504.0,502.0,506.0,observed_thick_stroke,False
2024-10-24,field,1095,712.0,710.0,716.0,observed_thick_stroke,True
2024-10-24,azmoth,1095,747.0,745.0,751.0,observed_thick_stroke,True
2024-10-24,other_coin,1095,801.0,796.0,803.0,observed_thick_stroke,True
2024-10-24,other,1095,,,,unresolved_at_axis,False
2024-10-31,boss,1104,497.0,494.0,499.0,observed_thick_stroke,True
2024-10-31,field,1104,718.0,716.0,721.0,observed_thick_stroke,True
2024-10-31,azmoth,1104,765.0,759.0,771.0,observed_thick_stroke,True
2024-10-31,other_coin,1104,779.0,773.0,781.0,observed_thick_stroke,True
2024-10-31,other,1104,,,,unresolved_at_axis,False
2024-11-07,boss,1112,517.0,508.0,519.0,observed_thick_stroke,True
2024-11-07,field,1112,718.0,715.0,720.0,observed_thick_stroke,False
2024-11-07,azmoth,1112,773.0,770.0,775.0,observed_thick_stroke,False
2024-11-07,other_coin,1112,798.0,796.0,801.0,observed_thick_stroke,True
2024-11-07,other,1112,,,,unresolved_at_axis,False
2024-11-14,boss,1119,519.0,516.0,522.0,observed_thick_stroke,False
2024-11-14,field,1119,717.0,714.0,720.0,observed_thick_stroke,True
2024-11-14,azmoth,1119,775.0,773.0,777.0,observed_thick_stroke,True
2024-11-14,other_coin,1119,799.0,796.0,802.0,observed_thick_stroke,False
2024-11-14,other,1119,,,,unresolved_at_axis,False
2024-11-21,boss,1126,518.0,516.0,522.0,observed_thick_stroke,True
2024-11-21,field,1126,729.0,724.0,731.0,observed_thick_stroke,True
2024-11-21,azmoth,1126,773.0,769.0,776.0,observed_thick_stroke,False
2024-11-21,other_coin,1126,798.0,795.0,800.0,observed_thick_stroke,True
2024-11-21,other,1126,,,,unresolved_at_axis,False
2024-11-28,boss,1134,499.0,495.0,506.0,observed_thick_stroke,True
2024-11-28,field,1134,724.0,716.0,729.0,observed_thick_stroke,False
2024-11-28,azmoth,1134,764.0,760.0,767.0,observed_thick_stroke,True
2024-11-28,other_coin,1134,782.0,780.0,784.0,observed_thick_stroke,True
2024-11-28,other,1134,,,,unresolved_at_axis,False
2024-12-05,boss,1142,494.0,490.0,496.0,observed_thick_stroke,True
2024-12-05,field,1142,710.0,701.0,714.0,observed_thick_stroke,False
2024-12-05,azmoth,1142,758.0,756.0,763.0,observed_thick_stroke,True
2024-12-05,other_coin,1142,795.0,792.0,798.0,observed_thick_stroke,True
2024-12-05,other,1142,,,,unresolved_at_axis,False
2024-12-12,boss,1150,472.0,462.0,484.0,observed_thick_stroke,False
2024-12-12,field,1150,694.0,691.0,701.0,observed_thick_stroke,False
2024-12-12,azmoth,1150,756.0,754.0,759.0,observed_thick_stroke,False
2024-12-12,other_coin,1150,794.0,780.0,798.0,observed_thick_stroke,True
2024-12-12,other,1150,,,,unresolved_at_axis,False
2024-12-19,boss,1157,426.0,401.0,436.0,observed_thick_stroke,False
2024-12-19,field,1157,679.0,675.0,687.0,observed_thick_stroke,False
2024-12-19,azmoth,1157,755.0,750.0,757.0,observed_thick_stroke,True
2024-12-19,other_coin,1157,763.0,742.0,769.0,observed_thick_stroke,False
2024-12-19,other,1157,,,,unresolved_at_axis,False
2024-12-26,boss,1165,363.0,355.0,384.0,observed_thick_stroke,False
2024-12-26,field,1165,670.0,667.0,672.0,observed_thick_stroke,True
2024-12-26,azmoth,1165,747.0,743.0,751.0,observed_thick_stroke,True
2024-12-26,other_coin,1165,711.0,709.0,728.0,observed_thick_stroke,False
2024-12-26,other,1165,,,,unresolved_at_axis,False
2025-01-02,boss,1172,354.0,352.0,357.0,observed_thick_stroke,True
2025-01-02,field,1172,677.0,671.0,680.0,observed_thick_stroke,True
2025-01-02,azmoth,1172,743.0,740.0,747.0,observed_thick_stroke,False
2025-01-02,other_coin,1172,713.0,710.0,720.0,observed_thick_stroke,True
2025-01-02,other,1172,,,,unresolved_at_axis,False
2025-01-09,boss,1179,363.0,358.0,365.0,observed_thick_stroke,True
2025-01-09,field,1179,679.0,677.0,681.0,observed_thick_stroke,False
2025-01-09,azmoth,1179,741.0,739.0,744.0,observed_thick_stroke,False
2025-01-09,other_coin,1179,724.0,722.0,729.0,observed_thick_stroke,True
2025-01-09,other,1179,,,,unresolved_at_axis,False
2025-01-16,boss,1187,356.0,354.0,360.0,observed_thick_stroke,True
2025-01-16,field,1187,678.0,674.0,680.0,observed_thick_stroke,True
2025-01-16,azmoth,1187,738.0,736.0,741.0,observed_thick_stroke,False
2025-01-16,other_coin,1187,726.0,724.0,728.0,observed_thick_stroke,False
2025-01-16,other,1187,,,,unresolved_at_axis,False
2025-01-23,boss,1196,364.0,346.0,366.0,observed_thick_stroke,True
2025-01-23,field,1196,677.0,674.0,679.0,observed_thick_stroke,True
2025-01-23,azmoth,1196,734.0,732.0,737.0,observed_thick_stroke,False
2025-01-23,other_coin,1196,721.0,719.0,726.0,observed_thick_stroke,True
2025-01-23,other,1196,,,,unresolved_at_axis,False
2025-01-30,boss,1203,319.0,317.0,329.0,observed_thick_stroke,True
2025-01-30,field,1203,678.0,676.0,681.0,observed_thick_stroke,False
2025-01-30,azmoth,1203,732.0,729.0,734.0,observed_thick_stroke,True
2025-01-30,other_coin,1203,710.0,708.0,713.0,observed_thick_stroke,True
2025-01-30,other,1203,,,,unresolved_at_axis,False
2025-02-06,boss,1211,347.0,344.0,351.0,observed_thick_stroke,False
2025-02-06,field,1211,681.0,678.0,683.0,observed_thick_stroke,True
2025-02-06,azmoth,1211,730.0,728.0,733.0,observed_thick_stroke,True
2025-02-06,other_coin,1211,740.0,738.0,743.0,observed_thick_stroke,True
2025-02-06,other,1211,,,,unresolved_at_axis,False
2025-02-13,boss,1218,350.0,343.0,352.0,observed_thick_stroke,True
2025-02-13,field,1218,677.0,673.0,682.0,observed_thick_stroke,True
2025-02-13,azmoth,1218,730.0,727.0,733.0,observed_thick_stroke,True
2025-02-13,other_coin,1218,740.0,738.0,744.0,observed_thick_stroke,True
2025-02-13,other,1218,,,,unresolved_at_axis,False
2025-02-20,boss,1224,336.0,334.0,347.0,observed_thick_stroke,False
2025-02-20,field,1224,661.0,659.0,668.0,observed_thick_stroke,True
2025-02-20,azmoth,1224,725.0,722.0,729.0,observed_thick_stroke,False
2025-02-20,other_coin,1224,738.0,734.0,743.0,observed_thick_stroke,True
2025-02-20,other,1224,,,,unresolved_at_axis,False
2025-02-27,boss,1234,322.0,320.0,335.0,observed_thick_stroke,True
2025-02-27,field,1234,665.0,663.0,673.0,observed_thick_stroke,False
2025-02-27,azmoth,1234,717.0,715.0,721.0,observed_thick_stroke,True
2025-02-27,other_coin,1234,723.0,720.0,726.0,observed_thick_stroke,True
2025-02-27,other,1234,,,,unresolved_at_axis,False
2025-03-06,boss,1240,360.0,335.0,362.0,observed_thick_stroke,True
2025-03-06,field,1240,673.0,668.0,675.0,observed_thick_stroke,False
2025-03-06,azmoth,1240,722.0,719.0,724.0,observed_thick_stroke,True
2025-03-06,other_coin,1240,754.0,746.0,761.0,observed_thick_stroke,True
2025-03-06,other,1240,,,,unresolved_at_axis,False
2025-03-13,boss,1248,362.0,359.0,365.0,observed_thick_stroke,False
2025-03-13,field,1248,678.0,674.0,680.0,observed_thick_stroke,True
2025-03-13,azmoth,1248,718.0,716.0,721.0,observed_thick_stroke,True
2025-03-13,other_coin,1248,763.0,759.0,765.0,observed_thick_stroke,True
2025-03-13,other,1248,,,,unresolved_at_axis,False
2025-03-20,boss,1255,355.0,345.0,361.0,observed_thick_stroke,False
2025-03-20,field,1255,680.0,677.0,682.0,observed_thick_stroke,False
2025-03-20,azmoth,1255,718.0,716.0,721.0,observed_thick_stroke,False
2025-03-20,other_coin,1255,760.0,758.0,765.0,observed_thick_stroke,False
2025-03-20,other,1255,,,,unresolved_at_axis,False
2025-03-27,boss,1262,337.0,335.0,346.0,observed_thick_stroke,False
2025-03-27,field,1262,683.0,678.0,685.0,observed_thick_stroke,False
2025-03-27,azmoth,1262,717.0,715.0,720.0,observed_thick_stroke,False
2025-03-27,other_coin,1262,748.0,746.0,757.0,observed_thick_stroke,False
2025-03-27,other,1262,,,,unresolved_at_axis,False
