series,date,x_bend_estimate,x_bend_min,x_bend_max,edge_peak_count,max_turn_angle_deg,shared_week_x,dx_from_previous_bend_px,weeks_since_previous_bend,dx_per_week_between_bends
azmoth,2024-10-24,1096.0,1096,1096,1,126.32436519431724,1095,,,
azmoth,2024-10-31,1107.0,1107,1107,1,56.46831572590372,1104,11.0,1.0,11.0
azmoth,2024-11-14,1119.0,1119,1119,1,46.24447543527384,1119,12.0,2.0,6.0
azmoth,2024-11-28,1135.0,1135,1135,1,37.71462275014338,1134,16.0,2.0,8.0
azmoth,2024-12-05,1145.0,1145,1145,1,31.524209952502872,1142,10.0,1.0,10.0
azmoth,2024-12-19,1156.716368544651,1154,1159,2,35.29463769196405,1157,11.716368544651004,2.0,5.858184272325502
azmoth,2024-12-26,1166.0,1166,1166,1,34.453812497476875,1165,9.283631455348996,1.0,9.283631455348996
azmoth,2025-01-30,1201.0,1201,1201,1,38.08344426236275,1203,35.0,5.0,7.0
azmoth,2025-02-06,1211.0,1211,1211,1,38.65850939572728,1211,10.0,1.0,10.0
azmoth,2025-02-13,1218.0,1218,1218,1,50.658367875611944,1218,7.0,1.0,7.0
azmoth,2025-02-27,1233.0,1233,1233,1,90.41463780880326,1234,15.0,2.0,7.5
azmoth,2025-03-06,1240.0,1240,1240,1,75.8291129709964,1240,7.0,1.0,7.0
azmoth,2025-03-13,1247.0,1247,1247,1,38.49954017287837,1248,7.0,1.0,7.0
boss,2022-12-29,375.0,375,375,1,39.48541088025606,373,,,
boss,2023-01-12,390.00000000000006,390,390,1,49.70429427053525,388,15.000000000000057,2.0,7.500000000000028
boss,2023-01-19,397.0,397,397,1,40.485764711585766,396,6.999999999999943,1.0,6.999999999999943
boss,2023-02-02,412.0,412,412,1,39.095766003925206,411,15.0,2.0,7.5
boss,2023-02-16,427.0,427,427,1,43.34291924890542,426,15.0,2.0,7.5
boss,2023-02-23,434.0,434,434,1,55.78356769130984,434,7.0,1.0,7.0
boss,2023-03-23,463.0,463,463,1,33.860260767672806,464,29.0,4.0,7.25
boss,2023-04-06,482.00000000000006,482,482,1,34.62956060082655,479,19.000000000000057,2.0,9.500000000000028
boss,2023-04-27,501.67679124896785,499,504,2,32.76953111336494,502,19.67679124896779,3.0,6.558930416322596
boss,2023-05-11,519.0,519,519,1,32.79783266586172,517,17.323208751032155,2.0,8.661604375516077
boss,2023-05-25,531.0,531,531,1,29.29715494915943,532,12.0,2.0,6.0
boss,2023-06-01,542.0,542,542,1,38.493029945500844,540,11.0,1.0,11.0
boss,2023-07-13,588.0,588,588,1,31.506670559104673,587,46.0,6.0,7.666666666666667
boss,2023-08-03,607.0,607,607,1,40.22253810267407,608,19.0,3.0,6.333333333333333
boss,2023-08-10,617.0,617,617,1,56.42211383706442,616,10.0,1.0,10.0
boss,2023-08-17,625.0,625,625,1,61.18631837165854,623,8.0,1.0,8.0
boss,2023-08-31,639.0,639,639,1,82.93575881736925,639,14.0,2.0,7.0
boss,2023-09-07,647.0,647,647,1,37.284737278892536,647,8.0,1.0,8.0
boss,2023-09-14,657.0,657,657,1,64.26055796258144,654,10.0,1.0,10.0
boss,2023-09-28,670.0,670,670,1,130.67277064076265,670,13.0,2.0,6.5
boss,2023-10-05,679.0,679,679,1,43.63533093554258,678,9.0,1.0,9.0
boss,2023-10-12,687.9999999999999,688,688,1,52.07890935152603,685,8.999999999999886,1.0,8.999999999999886
boss,2023-10-19,693.0,693,693,1,39.99961409813013,692,5.000000000000114,1.0,5.000000000000114
boss,2023-11-02,708.0,708,708,1,87.27036807584973,707,15.0,2.0,7.5
boss,2023-11-09,715.0,715,715,1,33.35346952770948,715,7.0,1.0,7.0
boss,2023-11-23,731.0000000000001,731,731,1,92.47762174485467,730,16.000000000000114,2.0,8.000000000000057
boss,2023-11-30,739.0,739,739,1,112.83574423319905,738,7.999999999999886,1.0,7.999999999999886
boss,2023-12-07,749.0,749,749,1,102.12107223191559,746,10.0,1.0,10.0
boss,2023-12-14,754.0,754,754,1,55.35522375843096,753,5.0,1.0,5.0
boss,2023-12-28,770.0,770,770,1,83.34384477944843,768,16.0,2.0,8.0
boss,2024-01-11,783.0,783,783,1,41.68976663542087,783,13.0,2.0,6.5
boss,2024-01-18,792.0,792,792,1,53.683991525509306,791,9.0,1.0,9.0
boss,2024-01-25,800.0,800,800,1,84.68787511032133,799,8.0,1.0,8.0
boss,2024-02-01,807.0,807,807,1,134.52374969874225,807,7.0,1.0,7.0
boss,2024-02-08,817.0,817,817,1,55.75530149797846,814,10.0,1.0,10.0
boss,2024-02-22,829.0,829,829,1,86.86998833091558,830,12.0,2.0,6.0
boss,2024-02-29,838.0,838,838,1,125.59121543767833,836,9.0,1.0,9.0
boss,2024-03-07,845.0000000000001,845,845,1,49.28474502421766,844,7.000000000000114,1.0,7.000000000000114
boss,2024-03-14,852.0,852,852,1,54.489532258717524,852,6.999999999999886,1.0,6.999999999999886
boss,2024-03-21,861.0,861,861,1,121.23569266558003,860,9.0,1.0,9.0
boss,2024-03-28,869.0,869,869,1,89.95219449191383,868,8.0,1.0,8.0
boss,2024-04-04,874.0,874,874,1,38.68877323481224,876,5.0,1.0,5.0
boss,2024-04-11,882.0,882,882,1,85.84805087072819,883,8.0,1.0,8.0
boss,2024-04-18,893.0,893,893,1,38.363556636345024,890,11.0,1.0,11.0
boss,2024-05-02,905.0,905,905,1,86.18375928395079,905,12.0,2.0,6.0
boss,2024-05-16,922.0,922,922,1,68.18720796135986,920,17.0,2.0,8.5
boss,2024-05-30,937.0,937,937,1,121.51156013579681,936,15.0,2.0,7.5
boss,2024-06-06,945.0,945,945,1,49.234144232077355,943,8.0,1.0,8.0
boss,2024-06-13,952.0000000000001,952,952,1,58.94246258457704,950,7.000000000000114,1.0,7.000000000000114
boss,2024-06-27,967.0,967,967,1,112.55393686723467,965,14.999999999999886,2.0,7.499999999999943
boss,2024-07-11,983.0,983,983,1,63.04362266198693,981,16.0,2.0,8.0
boss,2024-07-25,996.0,996,996,1,51.658842109719224,997,13.0,2.0,6.5
boss,2024-08-01,1004.9999999999999,1005,1005,1,147.1364690276134,1004,8.999999999999886,1.0,8.999999999999886
boss,2024-08-15,1016.0,1016,1016,1,59.987388876420844,1019,11.000000000000114,2.0,5.500000000000057
boss,2024-08-22,1025.0,1025,1025,1,59.68188092888538,1027,9.0,1.0,9.0
boss,2024-08-29,1036.0,1036,1036,1,121.10059271016638,1034,11.0,1.0,11.0
boss,2024-09-05,1043.0,1043,1043,1,97.04583131932038,1042,7.0,1.0,7.0
boss,2024-09-19,1056.0,1056,1056,1,36.8815467587233,1059,13.0,2.0,6.5
boss,2024-10-03,1072.0,1072,1072,1,91.5559945381968,1073,16.0,2.0,8.0
boss,2024-10-17,1089.0,1089,1089,1,76.54160874670706,1087,17.0,2.0,8.5
boss,2024-10-31,1103.0,1103,1103,1,132.03417418177872,1104,14.0,2.0,7.0
boss,2024-11-07,1111.0,1111,1111,1,65.29595245404373,1112,8.0,1.0,8.0
boss,2024-11-21,1124.0,1124,1124,1,90.35134334843882,1126,13.0,2.0,6.5
boss,2024-11-28,1137.0,1137,1137,1,60.5963579883428,1134,13.0,1.0,13.0
boss,2024-12-05,1144.0,1144,1144,1,66.17239724846583,1142,7.0,1.0,7.0
boss,2025-01-02,1170.0,1170,1170,1,119.58367857518769,1172,26.0,4.0,6.5
boss,2025-01-09,1180.0,1180,1180,1,117.16094606173306,1179,10.0,1.0,10.0
boss,2025-01-16,1188.0,1188,1188,1,106.32938263988946,1187,8.0,1.0,8.0
boss,2025-01-23,1196.0,1196,1196,1,127.15376393010969,1196,8.0,1.0,8.0
boss,2025-01-30,1204.0,1204,1204,1,159.84903856993904,1203,8.0,1.0,8.0
boss,2025-02-13,1216.0,1216,1216,1,97.4164615725935,1218,12.0,2.0,6.0
boss,2025-02-27,1232.0,1232,1232,1,153.55963793245257,1234,16.0,2.0,8.0
boss,2025-03-06,1244.0,1244,1244,1,101.3925978794807,1240,12.0,1.0,12.0
field,2023-01-12,389.0,389,389,1,27.282416976516952,388,,,
field,2023-01-26,407.0,407,407,1,59.239944678230536,403,18.0,2.0,9.0
field,2023-02-02,412.0,412,412,1,70.86488503079205,411,5.0,1.0,5.0
field,2023-02-09,420.0,420,420,1,64.41016001746213,419,8.0,1.0,8.0
field,2023-02-16,427.0,427,427,1,26.03950562060165,426,7.0,1.0,7.0
field,2023-02-23,432.0,432,432,1,27.720982619584127,434,5.0,1.0,5.0
field,2023-03-02,439.0,439,439,1,25.64272629028367,441,7.0,1.0,7.0
field,2023-03-09,448.0,448,448,1,46.202891758191,449,9.0,1.0,9.0
field,2023-03-16,457.51204522966594,455,460,2,50.36038717323745,456,9.512045229665944,1.0,9.512045229665944
field,2023-05-18,527.0,527,527,1,48.53443364558836,525,69.48795477033406,9.0,7.72088386337045
field,2023-05-25,534.0,534,534,1,59.21529837595912,532,7.0,1.0,7.0
field,2023-06-01,543.0,543,543,1,54.17130002639655,540,9.0,1.0,9.0
field,2023-06-22,562.6267527893817,560,566,2,40.906545593547854,563,19.626752789381726,3.0,6.542250929793909
field,2023-06-29,573.0,573,573,1,48.64314534436142,572,10.373247210618274,1.0,10.373247210618274
field,2023-07-06,579.0,579,579,1,50.994866413619306,581,6.0,1.0,6.0
field,2023-07-20,591.0,591,591,1,119.3290951759771,594,12.0,2.0,6.0
field,2023-07-27,603.0,603,603,1,45.39143834929634,601,12.0,1.0,12.0
field,2023-08-03,608.0,608,608,1,51.08489869926101,608,5.0,1.0,5.0
field,2023-08-10,617.0,617,617,1,93.21867169924286,616,9.0,1.0,9.0
field,2023-08-17,624.0,624,624,1,32.47378307888287,623,7.0,1.0,7.0
field,2023-08-24,634.0,634,634,1,32.730000129840796,631,10.0,1.0,10.0
field,2023-08-31,640.0,640,640,1,37.708150920265965,639,6.0,1.0,6.0
field,2023-09-07,648.2894244544156,645,650,2,57.835897995912774,647,8.289424454415553,1.0,8.289424454415553
field,2023-09-14,657.0,657,657,1,34.654884526712294,654,8.710575545584447,1.0,8.710575545584447
field,2023-09-21,664.0,664,664,1,49.84880539420089,662,7.0,1.0,7.0
field,2023-09-28,670.0,670,670,1,81.63241621553996,670,6.0,1.0,6.0
field,2023-10-05,679.0,679,679,1,69.22620467293608,678,9.0,1.0,9.0
field,2023-10-12,686.0,686,686,1,25.32783438056591,685,7.0,1.0,7.0
field,2023-10-19,696.0,696,696,1,37.82248101928564,692,10.0,1.0,10.0
field,2023-11-02,709.0,709,709,1,45.57831363324582,707,13.0,2.0,6.5
field,2023-11-09,714.0,714,714,1,33.510034169962296,715,5.0,1.0,5.0
field,2023-11-16,724.0,724,724,1,36.88123771053488,722,10.0,1.0,10.0
field,2023-11-23,733.0,733,733,1,37.89572352821547,730,9.0,1.0,9.0
field,2023-12-07,743.0,743,743,1,29.082789350191256,746,10.0,2.0,5.0
field,2023-12-14,751.0,751,751,1,70.59987048154547,753,8.0,1.0,8.0
field,2023-12-21,764.0,764,764,1,60.33520474306014,760,13.0,1.0,13.0
field,2024-01-04,778.0,778,778,1,46.54949763015124,776,14.0,2.0,7.0
field,2024-01-18,792.0,792,792,1,124.00827553949948,791,14.0,2.0,7.0
field,2024-01-25,799.0,799,799,1,57.22496968615725,799,7.0,1.0,7.0
field,2024-02-08,815.0,815,815,1,36.170655518413774,814,16.0,2.0,8.0
field,2024-02-15,820.0,820,820,1,36.405737394797576,822,5.0,1.0,5.0
field,2024-02-22,830.0,830,830,1,28.408443905367918,830,10.0,1.0,10.0
field,2024-03-14,855.0,855,855,1,37.893071529612136,852,25.0,3.0,8.333333333333334
field,2024-03-28,867.0,867,867,1,103.18967715374758,868,12.0,2.0,6.0
field,2024-04-04,878.0,878,878,1,139.16112332320535,876,11.0,1.0,11.0
field,2024-04-18,890.7900226376694,888,893,2,58.18330282748094,890,12.79002263766938,2.0,6.39501131883469
field,2024-05-02,904.5395689752221,902,907,2,44.471837435318385,905,13.749546337552715,2.0,6.874773168776358
field,2024-05-09,912.0,912,912,1,42.45220457888258,912,7.460431024777904,1.0,7.460431024777904
field,2024-05-16,919.0000000000001,919,919,1,52.00660486919323,920,7.000000000000114,1.0,7.000000000000114
field,2024-05-23,931.0,931,931,1,53.1134175680258,928,11.999999999999886,1.0,11.999999999999886
field,2024-05-30,937.0,937,937,1,98.6908182781293,936,6.0,1.0,6.0
field,2024-06-06,944.0,944,944,1,77.94130700675288,943,7.0,1.0,7.0
field,2024-06-13,953.0,953,953,1,34.33758783130345,950,9.0,1.0,9.0
field,2024-06-20,959.0,959,959,1,54.662490790036884,958,6.0,1.0,6.0
field,2024-07-04,973.1082170400913,970,976,2,30.494983987482243,973,14.10821704009129,2.0,7.054108520045645
field,2024-07-18,991.0,991,991,1,25.64272629028567,989,17.89178295990871,2.0,8.945891479954355
field,2024-08-01,1005.0,1005,1005,1,31.238298695249284,1004,14.0,2.0,7.0
field,2024-08-08,1013.1044912129329,1010,1015,2,45.659417358964006,1011,8.104491212932885,1.0,8.104491212932885
field,2024-08-15,1021.0,1021,1021,1,103.68152032791068,1019,7.895508787067115,1.0,7.895508787067115
field,2024-08-22,1028.0,1028,1028,1,39.60618625153347,1027,7.0,1.0,7.0
field,2024-09-05,1039.0,1039,1039,1,38.8077246497438,1042,11.0,2.0,5.5
field,2024-09-19,1057.8651857156453,1055,1062,2,42.93068837529821,1059,18.86518571564534,2.0,9.43259285782267
field,2024-09-26,1067.0,1067,1067,1,38.291092404086065,1065,9.134814284354661,1.0,9.134814284354661
field,2024-10-03,1074.0,1074,1074,1,93.83724793907068,1073,7.0,1.0,7.0
field,2024-10-10,1083.0,1083,1083,1,28.577992849608478,1080,9.0,1.0,9.0
field,2024-10-17,1090.0,1090,1090,1,33.08828061901701,1087,7.0,1.0,7.0
field,2024-10-24,1098.0,1098,1098,1,27.020579830235782,1095,8.0,1.0,8.0
field,2024-10-31,1105.0,1105,1105,1,47.88416382805062,1104,7.0,1.0,7.0
field,2024-11-14,1119.0,1119,1119,1,83.39595903095932,1119,14.0,2.0,7.0
field,2024-11-21,1127.0,1127,1127,1,97.28397152090186,1126,8.0,1.0,8.0
field,2024-12-26,1166.0,1166,1166,1,107.76262213146558,1165,39.0,5.0,7.8
field,2025-01-02,1174.0,1174,1174,1,64.04503538574806,1172,8.0,1.0,8.0
field,2025-01-16,1187.0,1187,1187,1,25.275896582938984,1187,13.0,2.0,6.5
field,2025-01-23,1197.0,1197,1197,1,36.81989583300028,1196,10.0,1.0,10.0
field,2025-02-06,1212.0,1212,1212,1,61.37345321898843,1211,15.0,2.0,7.5
field,2025-02-13,1217.0,1217,1217,1,58.02878646762929,1218,5.0,1.0,5.0
field,2025-02-20,1226.0,1226,1226,1,105.21837185687745,1224,9.0,1.0,9.0
field,2025-03-13,1247.0,1247,1247,1,33.67648025209697,1248,21.0,3.0,7.0
other_coin,2024-02-29,837.0,837,837,1,62.90715993586009,836,,,
other_coin,2024-03-07,845.0,845,845,1,92.82854411620626,844,8.0,1.0,8.0
other_coin,2024-03-14,852.0000000000001,852,852,1,54.02856625145413,852,7.000000000000114,1.0,7.000000000000114
other_coin,2024-03-21,860.0,860,860,1,69.95540539952245,860,7.999999999999886,1.0,7.999999999999886
other_coin,2024-03-28,868.0000000000001,868,868,1,77.97859956426275,868,8.000000000000114,1.0,8.000000000000114
other_coin,2024-04-18,890.0,890,890,1,58.129788823472474,890,21.999999999999886,3.0,7.333333333333296
other_coin,2024-04-25,898.0,898,898,1,66.38291380911157,897,8.0,1.0,8.0
other_coin,2024-05-02,908.0,908,908,1,55.021825625230704,905,10.0,1.0,10.0
other_coin,2024-05-09,915.0,915,915,1,65.03109943182172,912,7.0,1.0,7.0
other_coin,2024-05-23,928.0,928,928,1,44.562970050828255,928,13.0,2.0,6.5
other_coin,2024-05-30,936.0,936,936,1,80.99648664823047,936,8.0,1.0,8.0
other_coin,2024-06-13,947.0000000000001,947,947,1,71.32058604195487,950,11.000000000000114,2.0,5.500000000000057
other_coin,2024-06-20,959.0,959,959,1,30.709044553350306,958,11.999999999999886,1.0,11.999999999999886
other_coin,2024-06-27,967.0,967,967,1,99.18705306839244,965,8.0,1.0,8.0
other_coin,2024-07-04,976.0,976,976,1,57.906132987421756,973,9.0,1.0,9.0
other_coin,2024-07-18,988.0,988,988,1,30.39348163834036,989,12.0,2.0,6.0
other_coin,2024-07-25,997.9999999999999,998,998,1,46.887692449318784,997,9.999999999999886,1.0,9.999999999999886
other_coin,2024-08-01,1005.0,1005,1005,1,71.84670460915002,1004,7.000000000000114,1.0,7.000000000000114
other_coin,2024-08-15,1022.0,1022,1022,1,91.82398969376872,1019,17.0,2.0,8.5
other_coin,2024-08-29,1035.0,1035,1035,1,116.10212279150679,1034,13.0,2.0,6.5
other_coin,2024-09-05,1041.0,1041,1041,1,55.53361801734527,1042,6.0,1.0,6.0
other_coin,2024-09-12,1052.0,1052,1052,1,45.7527096680967,1050,11.0,1.0,11.0
other_coin,2024-09-19,1057.0,1057,1057,1,28.051422402287155,1059,5.0,1.0,5.0
other_coin,2024-09-26,1066.0,1066,1066,1,111.98722316195858,1065,9.0,1.0,9.0
other_coin,2024-10-03,1075.0,1075,1075,1,33.77653907969853,1073,9.0,1.0,9.0
other_coin,2024-10-24,1094.0,1094,1094,1,100.72470149036864,1095,19.0,3.0,6.333333333333333
other_coin,2024-10-31,1104.0,1104,1104,1,153.1023994508913,1104,10.0,1.0,10.0
other_coin,2024-11-07,1113.0,1113,1113,1,71.52117596113558,1112,9.0,1.0,9.0
other_coin,2024-11-21,1127.0,1127,1127,1,70.12579084710373,1126,14.0,2.0,7.0
other_coin,2024-11-28,1134.0,1134,1134,1,141.18617610370015,1134,7.0,1.0,7.0
other_coin,2024-12-05,1142.0,1142,1142,1,78.92729218448197,1142,8.0,1.0,8.0
other_coin,2024-12-12,1147.0,1147,1147,1,78.48409322308623,1150,5.0,1.0,5.0
other_coin,2025-01-02,1169.0,1169,1169,1,112.46005295806917,1172,22.0,3.0,7.333333333333333
other_coin,2025-01-09,1181.0,1181,1181,1,74.5832952244071,1179,12.0,1.0,12.0
other_coin,2025-01-23,1194.0,1194,1194,1,66.63342344385507,1196,13.0,2.0,6.5
other_coin,2025-01-30,1203.0,1203,1203,1,150.9131534830342,1203,9.0,1.0,9.0
other_coin,2025-02-06,1213.0,1213,1213,1,81.87257711026096,1211,10.0,1.0,10.0
other_coin,2025-02-13,1219.0,1219,1219,1,47.61076701770721,1218,6.0,1.0,6.0
other_coin,2025-02-20,1224.0,1224,1224,1,63.88124541153341,1224,5.0,1.0,5.0
other_coin,2025-02-27,1233.0,1233,1233,1,153.1001146827512,1234,9.0,1.0,9.0
other_coin,2025-03-06,1242.0,1242,1242,1,76.27845784153747,1240,9.0,1.0,9.0
other_coin,2025-03-13,1251.0,1251,1251,1,68.04563357025289,1248,9.0,1.0,9.0
