x_pixel,y_pixel,rgb_distance,series
1087,755,26.645825188948457,azmoth
1088,754,15.1657508881031,azmoth
1089,754,11.180339887498947,azmoth
1090,754,5.385164807134504,azmoth
1091,753,7.54983443527075,azmoth
1092,751,5.744562646538029,azmoth
1093,749,2.23606797749979,azmoth
1094,748,3.1622776601683795,azmoth
1095,747,3.0,azmoth
1096,747,6.324555320336759,azmoth
1097,748,10.198039027185567,azmoth
1098,749,8.06225774829855,azmoth
1099,751,6.0,azmoth
1100,755,6.782329983125268,azmoth
1101,758,3.741657386773941,azmoth
1102,761,7.0,azmoth
1103,763,6.782329983125268,azmoth
1104,765,9.486832980505138,azmoth
1105,767,7.14142842854285,azmoth
1106,769,6.0,azmoth
1107,770,7.0,azmoth
1108,772,4.69041575982343,azmoth
1109,773,2.0,azmoth
1110,772,4.898979485566356,azmoth
1111,772,8.06225774829855,azmoth
1112,773,12.12435565298214,azmoth
1113,773,9.0,azmoth
1114,773,5.830951894845301,azmoth
1115,774,4.242640687119285,azmoth
1116,775,2.449489742783178,azmoth
1117,775,2.23606797749979,azmoth
1118,775,6.4031242374328485,azmoth
1119,775,10.488088481701515,azmoth
1120,775,12.449899597988733,azmoth
1121,775,9.9498743710662,azmoth
1122,774,12.449899597988733,azmoth
1123,774,9.433981132056603,azmoth
1124,774,4.242640687119285,azmoth
1125,773,5.744562646538029,azmoth
1126,773,7.071067811865476,azmoth
1127,772,4.358898943540674,azmoth
1128,771,3.3166247903554,azmoth
1129,770,5.744562646538029,azmoth
1130,769,4.242640687119285,azmoth
1131,767,8.12403840463596,azmoth
1132,765,5.196152422706632,azmoth
1133,765,5.744562646538029,azmoth
1134,764,2.8284271247461903,azmoth
1135,763,4.0,azmoth
1136,762,5.0990195135927845,azmoth
1137,761,8.12403840463596,azmoth
1138,761,7.874007874011811,azmoth
1139,761,7.874007874011811,azmoth
1140,761,6.4031242374328485,azmoth
1141,760,3.1622776601683795,azmoth
1142,758,4.58257569495584,azmoth
1143,758,3.4641016151377544,azmoth
1144,758,2.0,azmoth
1145,758,2.8284271247461903,azmoth
1146,758,1.4142135623730951,azmoth
1147,756,3.0,azmoth
1148,756,5.196152422706632,azmoth
1149,757,5.196152422706632,azmoth
1150,756,6.0,azmoth
1151,756,4.58257569495584,azmoth
1152,756,13.152946437965904,azmoth
1153,756,11.445523142259598,azmoth
1154,754,4.58257569495584,azmoth
1155,754,12.206555615733702,azmoth
1156,755,18.68154169226941,azmoth
1157,755,17.72004514666935,azmoth
1158,753,14.0356688476182,azmoth
1159,752,10.246950765959598,azmoth
1160,751,12.409673645990855,azmoth
1161,751,8.660254037844387,azmoth
1162,750,5.0990195135927845,azmoth
1163,749,8.48528137423857,azmoth
1164,748,7.3484692283495345,azmoth
1165,747,7.0,azmoth
1166,745,6.48074069840786,azmoth
1167,745,5.196152422706632,azmoth
1168,745,6.324555320336759,azmoth
1169,744,3.605551275463989,azmoth
1170,745,3.605551275463989,azmoth
1171,745,2.23606797749979,azmoth
1172,743,5.830951894845301,azmoth
1173,743,4.0,azmoth
1174,742,7.071067811865476,azmoth
1175,742,5.196152422706632,azmoth
1176,742,6.0,azmoth
1177,742,4.47213595499958,azmoth
1178,742,5.196152422706632,azmoth
1179,741,2.449489742783178,azmoth
1180,741,2.23606797749979,azmoth
1181,741,6.708203932499369,azmoth
1182,740,6.708203932499369,azmoth
1183,740,4.123105625617661,azmoth
1184,740,5.385164807134504,azmoth
1185,739,7.280109889280518,azmoth
1186,739,4.58257569495584,azmoth
1187,738,8.306623862918075,azmoth
1188,738,4.242640687119285,azmoth
1189,738,6.164414002968976,azmoth
1190,737,8.602325267042627,azmoth
1191,736,6.4031242374328485,azmoth
1192,735,9.848857801796104,azmoth
1193,735,4.242640687119285,azmoth
1194,735,3.605551275463989,azmoth
1195,735,3.1622776601683795,azmoth
1196,734,5.0990195135927845,azmoth
1197,734,4.242640687119285,azmoth
1198,734,5.656854249492381,azmoth
1199,732,8.602325267042627,azmoth
1200,731,1.4142135623730951,azmoth
1201,731,2.8284271247461903,azmoth
1202,731,3.1622776601683795,azmoth
1203,732,8.48528137423857,azmoth
1204,732,7.681145747868608,azmoth
1205,732,8.660254037844387,azmoth
1206,732,10.04987562112089,azmoth
1207,732,15.362291495737216,azmoth
1208,731,28.930952282978865,azmoth
1209,730,13.638181696985855,azmoth
1210,730,11.40175425099138,azmoth
1211,730,11.445523142259598,azmoth
1212,731,7.874007874011811,azmoth
1213,730,5.830951894845301,azmoth
1214,730,8.48528137423857,azmoth
1215,731,8.06225774829855,azmoth
1216,731,7.681145747868608,azmoth
1217,731,7.810249675906654,azmoth
1218,730,7.810249675906654,azmoth
1219,730,2.449489742783178,azmoth
1220,729,3.0,azmoth
1221,728,2.23606797749979,azmoth
1222,727,5.916079783099616,azmoth
1223,727,4.58257569495584,azmoth
1224,725,8.717797887081348,azmoth
1225,725,8.246211251235321,azmoth
1226,724,5.0,azmoth
1227,723,11.874342087037917,azmoth
1228,722,10.488088481701515,azmoth
1229,721,9.69535971483266,azmoth
1230,719,10.723805294763608,azmoth
1231,719,12.206555615733702,azmoth
1232,718,19.0,azmoth
1233,717,23.95829710142188,azmoth
1234,717,7.874007874011811,azmoth
1235,718,6.0,azmoth
1236,719,20.42057785666214,azmoth
1237,720,9.848857801796104,azmoth
1238,721,5.385164807134504,azmoth
1239,722,3.0,azmoth
1240,722,8.306623862918075,azmoth
1241,722,4.58257569495584,azmoth
1242,722,11.704699910719626,azmoth
1243,721,13.379088160259652,azmoth
1244,720,9.539392014169456,azmoth
1245,720,4.242640687119285,azmoth
1246,719,5.385164807134504,azmoth
1247,719,3.605551275463989,azmoth
1248,718,3.741657386773941,azmoth
1249,718,5.0,azmoth
1250,718,6.4031242374328485,azmoth
1251,718,5.477225575051661,azmoth
1252,719,3.1622776601683795,azmoth
1253,718,5.0,azmoth
1254,718,6.708203932499369,azmoth
1255,718,11.224972160321824,azmoth
1256,719,11.0,azmoth
1257,719,5.830951894845301,azmoth
1258,719,3.605551275463989,azmoth
1259,718,5.0990195135927845,azmoth
1260,718,6.4031242374328485,azmoth
1261,717,7.071067811865476,azmoth
1262,717,4.69041575982343,azmoth
368,701,8.717797887081348,boss
369,701,8.717797887081348,boss
370,701,8.717797887081348,boss
371,697,18.027756377319946,boss
372,697,18.027756377319946,boss
373,697,18.027756377319946,boss
374,694,14.177446878757825,boss
375,694,14.177446878757825,boss
376,694,13.114877048604,boss
377,693,12.96148139681572,boss
378,693,12.96148139681572,boss
379,693,12.96148139681572,boss
380,693,15.84297951775486,boss
381,692,14.866068747318506,boss
382,692,12.96148139681572,boss
383,692,12.96148139681572,boss
384,691,8.306623862918075,boss
385,691,8.306623862918075,boss
386,690,8.06225774829855,boss
387,690,8.06225774829855,boss
388,689,5.385164807134504,boss
389,689,5.385164807134504,boss
390,689,5.385164807134504,boss
391,690,8.306623862918075,boss
392,690,17.204650534085253,boss
393,690,17.204650534085253,boss
394,691,14.798648586948742,boss
395,692,13.038404810405298,boss
396,691,11.224972160321824,boss
397,691,8.774964387392123,boss
398,691,8.774964387392123,boss
399,691,8.774964387392123,boss
400,691,10.099504938362077,boss
401,690,9.9498743710662,boss
402,690,9.9498743710662,boss
403,690,9.9498743710662,boss
404,690,10.392304845413264,boss
405,689,4.242640687119285,boss
406,689,4.242640687119285,boss
407,689,4.242640687119285,boss
408,689,4.898979485566356,boss
409,689,4.898979485566356,boss
410,689,7.3484692283495345,boss
411,689,8.48528137423857,boss
412,690,9.695359714832659,boss
413,690,9.695359714832659,boss
414,690,9.695359714832659,boss
415,691,10.099504938362077,boss
416,693,5.196152422706632,boss
417,693,5.196152422706632,boss
418,693,5.196152422706632,boss
419,694,10.04987562112089,boss
420,695,10.392304845413264,boss
421,697,9.273618495495704,boss
422,697,9.273618495495704,boss
423,697,9.273618495495704,boss
424,698,11.704699910719626,boss
425,700,10.770329614269007,boss
426,700,10.770329614269007,boss
427,700,10.770329614269007,boss
428,701,15.620499351813308,boss
429,700,5.0,boss
430,700,5.0,boss
431,700,4.242640687119285,boss
432,700,4.242640687119285,boss
433,700,4.242640687119285,boss
434,700,7.14142842854285,boss
435,699,11.357816691600547,boss
436,699,11.357816691600547,boss
437,701,11.74734012447073,boss
438,701,11.74734012447073,boss
439,704,21.95449840010015,boss
440,705,19.261360284258224,boss
441,705,16.0312195418814,boss
442,705,16.0312195418814,boss
443,705,16.0312195418814,boss
444,706,27.459060435491963,boss
445,710,21.656407827707714,boss
446,711,21.42428528562855,boss
447,712,17.204650534085253,boss
448,712,17.204650534085253,boss
449,712,17.204650534085253,boss
450,714,20.591260281974,boss
451,714,20.591260281974,boss
452,715,22.315913604421397,boss
453,718,19.672315572906,boss
454,719,11.357816691600547,boss
455,719,11.357816691600547,boss
456,720,1.4142135623730951,boss
457,720,1.4142135623730951,boss
458,720,1.4142135623730951,boss
459,721,2.23606797749979,boss
460,722,14.422205101855956,boss
461,722,14.422205101855956,boss
462,724,13.490737563232042,boss
463,724,12.727922061357855,boss
464,725,10.488088481701515,boss
465,725,10.488088481701515,boss
466,725,8.18535277187245,boss
467,725,8.18535277187245,boss
468,725,8.06225774829855,boss
469,725,8.06225774829855,boss
470,726,3.7416573867739413,boss
471,726,3.7416573867739413,boss
472,726,3.7416573867739413,boss
473,726,4.58257569495584,boss
474,726,4.58257569495584,boss
475,727,6.0,boss
476,727,6.0,boss
477,727,6.0,boss
478,728,6.782329983125268,boss
479,728,6.782329983125268,boss
480,728,16.09347693943108,boss
481,728,13.92838827718412,boss
482,727,9.9498743710662,boss
483,728,8.366600265340756,boss
484,728,8.366600265340756,boss
485,727,8.306623862918075,boss
486,727,8.306623862918075,boss
487,727,8.306623862918075,boss
488,725,12.68857754044952,boss
489,725,12.68857754044952,boss
490,725,12.68857754044952,boss
491,724,18.49324200890693,boss
492,723,23.769728648009426,boss
493,721,24.839484696748443,boss
494,721,24.839484696748443,boss
495,717,21.95449840010015,boss
496,717,19.339079605813716,boss
497,717,19.339079605813716,boss
498,717,19.339079605813716,boss
499,716,21.42428528562855,boss
500,714,14.035668847618199,boss
501,714,14.035668847618199,boss
502,713,13.341664064126334,boss
503,713,13.341664064126334,boss
504,713,13.341664064126334,boss
505,713,14.45683229480096,boss
506,712,10.816653826391969,boss
507,712,4.898979485566356,boss
508,712,4.898979485566356,boss
509,712,4.898979485566356,boss
510,712,10.677078252031311,boss
511,712,8.306623862918075,boss
512,712,7.615773105863909,boss
513,712,7.615773105863909,boss
514,712,7.615773105863909,boss
515,712,8.94427190999916,boss
516,713,9.219544457292887,boss
517,713,7.874007874011811,boss
518,713,7.874007874011811,boss
519,713,7.874007874011811,boss
520,713,8.774964387392123,boss
521,713,8.774964387392123,boss
522,713,8.774964387392123,boss
523,712,9.899494936611665,boss
524,712,9.899494936611665,boss
525,712,9.273618495495704,boss
526,712,9.273618495495704,boss
527,712,9.273618495495704,boss
528,712,10.04987562112089,boss
529,712,12.96148139681572,boss
530,710,16.792855623746664,boss
531,710,8.06225774829855,boss
532,710,7.3484692283495345,boss
533,710,7.3484692283495345,boss
534,710,7.3484692283495345,boss
535,709,13.19090595827292,boss
536,707,15.684387141358123,boss
537,706,14.628738838327793,boss
538,706,14.628738838327793,boss
539,706,14.628738838327793,boss
540,705,21.77154105707724,boss
541,705,36.373066958946424,boss
542,704,60.207972893961475,boss
546,697,48.98979485566356,boss
547,695,32.69556544854363,boss
548,694,24.779023386727733,boss
549,692,21.283796653792763,boss
550,692,21.283796653792763,boss
551,688,19.6468827043885,boss
552,688,19.6468827043885,boss
553,688,19.6468827043885,boss
554,686,22.44994432064365,boss
555,679,21.42428528562855,boss
556,679,21.42428528562855,boss
557,673,18.627936010197157,boss
558,673,15.297058540778355,boss
559,670,12.884098726725126,boss
560,670,12.884098726725126,boss
561,670,12.884098726725126,boss
562,663,16.431676725154983,boss
563,663,16.431676725154983,boss
564,663,16.431676725154983,boss
565,656,20.024984394500787,boss
566,656,20.024984394500787,boss
567,656,20.024984394500787,boss
568,649,20.445048300260872,boss
569,649,20.445048300260872,boss
570,649,20.445048300260872,boss
571,647,24.899799195977465,boss
572,645,25.88435821108957,boss
573,641,16.401219466856727,boss
574,641,16.401219466856727,boss
575,641,16.401219466856727,boss
576,640,23.15167380558045,boss
577,638,26.19160170741759,boss
578,635,20.322401432901575,boss
579,633,19.313207915827967,boss
580,633,19.313207915827967,boss
581,629,15.0996688705415,boss
582,629,15.0996688705415,boss
583,629,15.0996688705415,boss
584,628,23.08679276123039,boss
585,622,17.05872210923198,boss
586,622,17.05872210923198,boss
587,622,17.05872210923198,boss
588,621,21.563858652847824,boss
589,617,18.384776310850235,boss
590,617,18.384776310850235,boss
591,616,15.7797338380595,boss
592,616,15.7797338380595,boss
593,616,15.7797338380595,boss
594,613,21.42428528562855,boss
595,612,14.730919862656235,boss
596,612,14.730919862656235,boss
597,612,14.730919862656235,boss
598,609,15.652475842498529,boss
599,608,12.569805089976535,boss
600,608,12.569805089976535,boss
601,608,12.569805089976535,boss
602,607,18.788294228055936,boss
603,606,26.038433132583073,boss
604,603,23.366642891095847,boss
605,602,22.561028345356956,boss
606,602,19.6468827043885,boss
607,602,19.6468827043885,boss
608,601,15.165750888103101,boss
609,601,15.165750888103101,boss
610,600,11.704699910719626,boss
611,600,11.704699910719626,boss
612,600,11.704699910719626,boss
613,600,12.0,boss
614,599,12.24744871391589,boss
615,599,17.146428199482248,boss
616,599,19.026297590440446,boss
617,599,12.884098726725126,boss
618,600,10.392304845413264,boss
619,600,10.392304845413264,boss
620,600,10.392304845413264,boss
621,602,12.409673645990857,boss
622,603,11.74734012447073,boss
623,603,10.198039027185569,boss
624,603,10.198039027185569,boss
625,603,10.198039027185569,boss
626,604,10.344080432788601,boss
627,604,13.564659966250536,boss
628,603,9.848857801796104,boss
629,603,9.848857801796104,boss
630,602,9.486832980505138,boss
631,602,9.486832980505138,boss
632,602,9.486832980505138,boss
633,602,10.816653826391969,boss
634,602,10.816653826391969,boss
635,600,12.24744871391589,boss
636,600,12.24744871391589,boss
637,599,11.575836902790225,boss
638,599,7.874007874011811,boss
639,599,6.6332495807108,boss
640,599,6.6332495807108,boss
641,599,6.6332495807108,boss
642,599,8.774964387392123,boss
643,602,17.74823934929885,boss
644,603,13.30413469565007,boss
645,603,13.30413469565007,boss
646,603,13.30413469565007,boss
647,604,17.74823934929885,boss
648,605,19.44222209522358,boss
649,606,12.36931687685298,boss
650,606,12.36931687685298,boss
651,606,11.313708498984761,boss
652,606,11.313708498984761,boss
653,606,11.313708498984761,boss
654,607,11.045361017187261,boss
655,607,11.045361017187261,boss
656,607,11.045361017187261,boss
657,606,22.0,boss
658,605,23.08679276123039,boss
659,603,18.05547008526779,boss
660,603,18.05547008526779,boss
661,603,18.05547008526779,boss
662,599,15.329709716755891,boss
663,599,15.329709716755891,boss
664,599,15.329709716755891,boss
665,598,16.55294535724685,boss
666,594,28.442925306655784,boss
667,589,28.089143810376278,boss
668,589,17.05872210923198,boss
669,589,17.05872210923198,boss
670,589,17.05872210923198,boss
671,591,11.789826122551595,boss
672,591,11.789826122551595,boss
673,591,11.789826122551595,boss
674,597,16.1245154965971,boss
675,597,16.1245154965971,boss
676,597,16.1245154965971,boss
677,603,15.684387141358123,boss
678,603,15.684387141358123,boss
679,603,15.684387141358123,boss
680,606,23.345235059857504,boss
681,607,20.248456731316587,boss
682,607,18.411952639521967,boss
683,607,18.411952639521967,boss
684,607,18.411952639521967,boss
685,609,16.522711641858304,boss
686,609,16.522711641858304,boss
687,609,11.489125293076057,boss
688,609,10.246950765959598,boss
689,609,9.539392014169456,boss
690,609,9.539392014169456,boss
691,609,9.539392014169456,boss
692,608,12.767145334803704,boss
693,608,14.352700094407323,boss
694,607,16.881943016134134,boss
695,607,16.881943016134134,boss
696,607,16.881943016134134,boss
697,606,17.11724276862369,boss
698,603,16.76305461424021,boss
699,603,16.76305461424021,boss
700,602,16.583123951777,boss
701,602,16.583123951777,boss
702,602,16.583123951777,boss
703,600,5.196152422706632,boss
704,600,5.196152422706632,boss
705,600,5.196152422706632,boss
706,598,7.0,boss
707,598,7.0,boss
708,598,14.45683229480096,boss
709,598,14.45683229480096,boss
710,598,14.45683229480096,boss
711,601,21.95449840010015,boss
712,601,21.95449840010015,boss
713,603,23.345235059857504,boss
714,605,20.8806130178211,boss
715,605,20.8806130178211,boss
716,607,17.378147196982766,boss
717,607,9.9498743710662,boss
718,607,9.9498743710662,boss
719,607,9.9498743710662,boss
720,608,8.12403840463596,boss
721,609,6.708203932499369,boss
722,609,6.708203932499369,boss
723,609,6.708203932499369,boss
724,609,9.899494936611665,boss
725,610,10.816653826391969,boss
726,612,8.660254037844387,boss
727,612,8.660254037844387,boss
728,612,8.660254037844387,boss
729,615,9.219544457292887,boss
730,615,9.055385138137417,boss
731,614,5.744562646538029,boss
732,614,5.744562646538029,boss
733,614,5.744562646538029,boss
734,613,14.52583904633395,boss
735,612,15.937377450509228,boss
736,609,9.9498743710662,boss
737,609,9.9498743710662,boss
738,609,9.9498743710662,boss
739,611,12.806248474865697,boss
740,611,12.806248474865697,boss
741,611,12.806248474865697,boss
742,611,21.656407827707714,boss
743,614,23.021728866442675,boss
744,617,26.77685567799177,boss
745,621,21.587033144922902,boss
746,621,3.7416573867739413,boss
747,621,3.7416573867739413,boss
748,621,3.7416573867739413,boss
749,619,5.385164807134504,boss
750,619,5.385164807134504,boss
751,619,5.385164807134504,boss
752,619,9.055385138137417,boss
753,618,10.816653826391969,boss
754,614,13.19090595827292,boss
755,614,13.19090595827292,boss
756,614,13.19090595827292,boss
757,611,15.652475842498529,boss
758,604,22.561028345356956,boss
759,599,21.470910553583888,boss
760,599,21.470910553583888,boss
761,593,16.881943016134134,boss
762,593,16.881943016134134,boss
763,593,16.881943016134134,boss
764,592,18.439088914585774,boss
765,591,23.366642891095847,boss
766,586,19.6468827043885,boss
767,584,17.69180601295413,boss
768,584,17.69180601295413,boss
769,584,17.11724276862369,boss
770,584,4.69041575982343,boss
771,584,4.69041575982343,boss
772,584,4.69041575982343,boss
773,584,7.14142842854285,boss
774,585,12.529964086141668,boss
775,585,13.92838827718412,boss
776,586,8.602325267042627,boss
777,586,7.0710678118654755,boss
778,586,5.385164807134504,boss
779,586,4.58257569495584,boss
780,586,4.58257569495584,boss
781,586,4.58257569495584,boss
782,586,9.433981132056603,boss
783,585,5.477225575051661,boss
784,585,5.477225575051661,boss
785,585,5.477225575051661,boss
786,585,17.60681686165901,boss
787,582,17.916472867168917,boss
788,582,17.916472867168917,boss
789,582,17.916472867168917,boss
790,580,8.660254037844387,boss
791,580,1.7320508075688772,boss
792,580,1.7320508075688772,boss
793,580,1.7320508075688772,boss
794,580,3.1622776601683795,boss
795,580,5.830951894845301,boss
796,580,7.3484692283495345,boss
797,581,10.677078252031311,boss
798,582,4.242640687119285,boss
799,580,4.123105625617661,boss
800,580,4.123105625617661,boss
801,580,4.123105625617661,boss
802,580,8.06225774829855,boss
803,576,19.72308292331602,boss
804,576,19.72308292331602,boss
805,570,19.87460691435179,boss
806,570,9.055385138137417,boss
807,570,9.055385138137417,boss
808,570,9.055385138137417,boss
809,573,9.433981132056603,boss
810,573,9.433981132056603,boss
811,580,18.466185312619388,boss
812,580,18.466185312619388,boss
813,580,18.466185312619388,boss
814,585,17.029386365926403,boss
815,586,10.344080432788601,boss
816,586,8.12403840463596,boss
817,586,8.12403840463596,boss
818,586,8.12403840463596,boss
819,587,13.490737563232042,boss
820,587,9.695359714832659,boss
821,587,5.477225575051661,boss
822,587,4.898979485566356,boss
823,587,4.898979485566356,boss
824,587,4.898979485566356,boss
825,587,5.0,boss
826,588,9.539392014169456,boss
827,588,15.033296378372908,boss
828,587,14.45683229480096,boss
829,587,8.246211251235321,boss
830,587,8.246211251235321,boss
831,587,8.246211251235321,boss
832,585,15.524174696260024,boss
833,576,21.354156504062622,boss
834,574,20.248456731316587,boss
835,570,14.866068747318506,boss
836,570,14.866068747318506,boss
837,570,14.866068747318506,boss
838,568,15.937377450509228,boss
839,573,8.774964387392123,boss
840,573,8.774964387392123,boss
841,573,8.774964387392123,boss
842,574,9.9498743710662,boss
843,578,27.65863337187866,boss
844,579,27.65863337187866,boss
845,584,24.61706725018234,boss
846,584,19.209372712298546,boss
847,584,16.431676725154983,boss
848,584,10.723805294763608,boss
849,584,10.723805294763608,boss
850,584,10.723805294763608,boss
851,585,11.40175425099138,boss
852,586,10.954451150103322,boss
853,586,10.954451150103322,boss
854,586,10.954451150103322,boss
855,591,15.0,boss
856,591,15.0,boss
857,591,15.0,boss
858,598,9.16515138991168,boss
859,598,9.16515138991168,boss
860,598,9.16515138991168,boss
861,598,15.427248620541512,boss
862,596,14.317821063276353,boss
863,596,14.317821063276353,boss
864,596,14.317821063276353,boss
865,595,19.849433241279208,boss
866,590,20.445048300260872,boss
867,590,14.89966442575134,boss
868,590,14.89966442575134,boss
869,591,4.123105625617661,boss
870,591,4.123105625617661,boss
871,591,4.123105625617661,boss
872,591,9.055385138137417,boss
873,593,12.529964086141668,boss
874,593,12.529964086141668,boss
875,593,12.529964086141668,boss
876,593,15.0996688705415,boss
877,594,23.45207879911715,boss
878,597,22.693611435820433,boss
879,598,21.77154105707724,boss
880,599,13.74772708486752,boss
881,599,13.74772708486752,boss
882,601,11.445523142259598,boss
883,601,11.445523142259598,boss
884,599,6.4031242374328485,boss
885,599,6.4031242374328485,boss
886,599,6.4031242374328485,boss
887,598,10.63014581273465,boss
888,596,17.204650534085253,boss
889,596,17.204650534085253,boss
890,596,17.204650534085253,boss
891,595,18.894443627691185,boss
892,594,20.024984394500787,boss
893,592,25.37715508089904,boss
894,588,25.787593916455254,boss
895,588,25.787593916455254,boss
896,580,19.6468827043885,boss
897,580,19.6468827043885,boss
898,577,12.328828005937952,boss
899,577,12.328828005937952,boss
900,577,12.328828005937952,boss
901,576,14.177446878757825,boss
902,575,11.180339887498949,boss
903,575,11.180339887498949,boss
904,575,11.180339887498949,boss
905,575,7.0710678118654755,boss
906,575,7.0710678118654755,boss
907,575,7.0710678118654755,boss
908,576,14.142135623730951,boss
909,579,24.020824298928627,boss
910,579,24.020824298928627,boss
911,584,8.774964387392123,boss
912,584,8.774964387392123,boss
913,584,8.774964387392123,boss
914,585,9.899494936611665,boss
915,587,9.643650760992955,boss
916,587,9.643650760992955,boss
917,587,9.643650760992955,boss
918,589,4.123105625617661,boss
919,589,4.123105625617661,boss
920,589,4.123105625617661,boss
921,589,5.830951894845301,boss
922,589,5.830951894845301,boss
923,589,10.770329614269007,boss
924,588,16.30950643030009,boss
925,588,17.233687939614086,boss
926,587,17.72004514666935,boss
927,586,22.9128784747792,boss
928,583,23.958297101421877,boss
929,583,23.958297101421877,boss
930,575,12.806248474865697,boss
931,575,8.306623862918075,boss
932,575,8.306623862918075,boss
933,575,8.306623862918075,boss
934,567,22.44994432064365,boss
935,562,19.8997487421324,boss
936,563,18.841443681416774,boss
937,563,18.49324200890693,boss
938,564,5.196152422706632,boss
939,564,5.196152422706632,boss
940,564,5.196152422706632,boss
941,567,8.366600265340756,boss
942,567,8.366600265340756,boss
943,569,6.928203230275509,boss
944,569,6.928203230275509,boss
945,569,6.928203230275509,boss
946,569,11.489125293076057,boss
947,569,9.539392014169456,boss
948,569,8.06225774829855,boss
949,569,5.196152422706632,boss
950,569,5.196152422706632,boss
951,569,5.196152422706632,boss
952,569,6.48074069840786,boss
953,569,6.48074069840786,boss
954,567,19.026297590440446,boss
955,566,19.621416870348583,boss
956,565,19.748417658131498,boss
957,561,12.649110640673518,boss
958,561,12.649110640673518,boss
959,561,12.649110640673518,boss
960,556,18.81488772222678,boss
961,545,14.035668847618199,boss
962,545,14.035668847618199,boss
963,545,14.035668847618199,boss
964,538,19.748417658131498,boss
965,529,17.74823934929885,boss
966,527,16.673332000533065,boss
967,526,11.789826122551595,boss
968,526,11.789826122551595,boss
969,526,11.789826122551595,boss
970,528,15.165750888103101,boss
971,528,10.770329614269007,boss
972,529,9.0,boss
973,529,9.0,boss
974,529,9.0,boss
975,531,9.433981132056603,boss
976,532,4.242640687119285,boss
977,532,4.242640687119285,boss
978,532,4.242640687119285,boss
979,535,7.483314773547883,boss
980,535,7.483314773547883,boss
981,535,7.483314773547883,boss
982,535,11.357816691600547,boss
983,534,10.816653826391969,boss
984,534,10.816653826391969,boss
985,534,10.816653826391969,boss
986,534,14.0,boss
987,534,14.560219778561036,boss
988,533,16.1245154965971,boss
989,530,13.416407864998739,boss
990,529,9.433981132056603,boss
991,529,6.48074069840786,boss
992,529,6.48074069840786,boss
993,529,6.48074069840786,boss
994,528,19.131126469708992,boss
995,526,11.575836902790225,boss
996,526,9.848857801796104,boss
997,526,9.848857801796104,boss
998,526,9.848857801796104,boss
999,524,19.261360284258224,boss
1000,519,21.118712081942874,boss
1001,515,24.55605831561735,boss
1002,503,18.466185312619388,boss
1003,503,18.466185312619388,boss
1004,503,18.466185312619388,boss
1005,501,7.681145747868608,boss
1006,506,7.0,boss
1007,506,7.0,boss
1008,506,7.0,boss
1009,509,15.0,boss
1010,515,15.684387141358123,boss
1011,515,15.684387141358123,boss
1012,523,12.206555615733702,boss
1013,523,12.206555615733702,boss
1014,524,7.54983443527075,boss
1015,524,6.557438524302,boss
1016,524,6.557438524302,boss
1017,524,6.557438524302,boss
1018,525,12.0,boss
1019,525,12.0,boss
1020,525,12.0,boss
1021,525,10.488088481701515,boss
1022,525,10.488088481701515,boss
1023,525,10.488088481701515,boss
1024,524,19.1049731745428,boss
1025,524,19.44222209522358,boss
1026,522,11.224972160321824,boss
1027,522,11.224972160321824,boss
1028,522,11.224972160321824,boss
1029,521,15.0,boss
1030,513,12.727922061357855,boss
1031,513,12.727922061357855,boss
1032,513,12.727922061357855,boss
1033,509,19.544820285692065,boss
1034,501,18.05547008526779,boss
1035,501,9.695359714832659,boss
1036,501,9.695359714832659,boss
1037,501,9.695359714832659,boss
1038,502,12.24744871391589,boss
1039,503,15.556349186104045,boss
1040,505,23.345235059857504,boss
1041,506,16.186414056238647,boss
1042,506,14.035668847618199,boss
1043,505,7.0710678118654755,boss
1044,504,6.4031242374328485,boss
1045,504,6.4031242374328485,boss
1046,504,6.4031242374328485,boss
1047,502,12.727922061357855,boss
1048,500,10.392304845413264,boss
1049,500,10.392304845413264,boss
1050,497,8.602325267042627,boss
1051,497,8.602325267042627,boss
1052,497,8.602325267042627,boss
1053,497,9.0,boss
1054,496,14.45683229480096,boss
1055,493,14.352700094407323,boss
1056,493,14.352700094407323,boss
1057,493,14.352700094407323,boss
1058,488,14.352700094407323,boss
1059,488,14.352700094407323,boss
1060,488,14.352700094407323,boss
1061,485,22.045407685048602,boss
1062,473,23.366642891095847,boss
1063,473,23.366642891095847,boss
1064,465,15.556349186104045,boss
1065,464,15.165750888103101,boss
1066,464,15.165750888103101,boss
1067,464,15.165750888103101,boss
1068,463,19.313207915827967,boss
1069,462,9.539392014169456,boss
1070,462,4.898979485566356,boss
1071,462,4.898979485566356,boss
1072,462,4.898979485566356,boss
1073,462,9.9498743710662,boss
1074,462,9.9498743710662,boss
1075,463,11.090536506409418,boss
1076,469,14.142135623730951,boss
1077,469,14.142135623730951,boss
1078,469,14.142135623730951,boss
1079,470,16.1245154965971,boss
1080,476,15.394804318340652,boss
1081,476,15.394804318340652,boss
1082,476,15.394804318340652,boss
1083,488,16.522711641858304,boss
1084,488,16.522711641858304,boss
1085,488,16.522711641858304,boss
1086,496,22.64950330581225,boss
1087,502,14.352700094407323,boss
1088,504,8.774964387392123,boss
1089,504,8.774964387392123,boss
1090,504,8.774964387392123,boss
1091,504,11.532562594670797,boss
1092,504,9.16515138991168,boss
1093,504,9.16515138991168,boss
1094,504,9.16515138991168,boss
1095,504,13.379088160259652,boss
1096,504,17.378147196982766,boss
1097,504,17.378147196982766,boss
1098,502,19.235384061671343,boss
1099,497,16.0312195418814,boss
1100,497,16.0312195418814,boss
1101,496,13.076696830622021,boss
1102,496,13.076696830622021,boss
1103,496,13.076696830622021,boss
1104,497,9.486832980505138,boss
1105,497,9.486832980505138,boss
1106,497,9.486832980505138,boss
1107,505,16.0312195418814,boss
1108,510,15.362291495737216,boss
1109,510,15.362291495737216,boss
1110,510,15.362291495737216,boss
1111,515,11.532562594670797,boss
1112,517,7.211102550927978,boss
1113,517,7.211102550927978,boss
1114,517,2.23606797749979,boss
1115,517,2.23606797749979,boss
1116,517,2.23606797749979,boss
1117,518,7.0710678118654755,boss
1118,518,7.0710678118654755,boss
1119,519,8.06225774829855,boss
1120,519,11.704699910719626,boss
1121,520,15.524174696260024,boss
1122,520,15.329709716755891,boss
1123,520,15.329709716755891,boss
1124,520,15.329709716755891,boss
1125,518,9.9498743710662,boss
1126,518,9.9498743710662,boss
1127,518,9.9498743710662,boss
1128,518,12.529964086141668,boss
1129,507,17.549928774784245,boss
1130,507,17.549928774784245,boss
1131,507,17.549928774784245,boss
1132,504,25.099800796022265,boss
1133,501,30.805843601498726,boss
1134,497,33.66006535941367,boss
1139,494,53.04714883949938,boss
1140,494,28.142494558940577,boss
1141,494,15.297058540778355,boss
1142,494,15.297058540778355,boss
1143,494,15.297058540778355,boss
1144,492,15.588457268119896,boss
1145,489,15.7797338380595,boss
1146,482,15.0,boss
1147,482,15.0,boss
1148,482,15.0,boss
1149,472,16.881943016134134,boss
1150,472,16.881943016134134,boss
1151,464,16.76305461424021,boss
1152,464,16.76305461424021,boss
1153,451,12.206555615733702,boss
1154,451,12.206555615733702,boss
1155,434,13.92838827718412,boss
1156,433,13.92838827718412,boss
1157,426,20.09975124224178,boss
1158,411,19.0,boss
1159,403,17.97220075561143,boss
1160,403,17.97220075561143,boss
1161,396,23.021728866442675,boss
1162,382,8.06225774829855,boss
1163,382,8.06225774829855,boss
1164,372,12.529964086141668,boss
1165,363,16.401219466856727,boss
1166,360,16.55294535724685,boss
1167,357,22.67156809750927,boss
1168,355,22.67156809750927,boss
1169,355,14.866068747318506,boss
1170,355,14.866068747318506,boss
1171,355,14.866068747318506,boss
1172,354,12.727922061357855,boss
1173,354,12.727922061357855,boss
1174,354,12.727922061357855,boss
1175,359,15.132745950421556,boss
1176,359,15.132745950421556,boss
1177,360,16.0312195418814,boss
1178,363,3.7416573867739413,boss
1179,363,3.7416573867739413,boss
1180,363,3.7416573867739413,boss
1181,363,7.0710678118654755,boss
1182,363,7.0710678118654755,boss
1183,363,7.0710678118654755,boss
1184,360,13.601470508735444,boss
1185,356,12.24744871391589,boss
1186,356,12.24744871391589,boss
1187,356,12.24744871391589,boss
1188,358,2.23606797749979,boss
1189,358,2.23606797749979,boss
1190,358,2.23606797749979,boss
1191,361,14.0,boss
1192,361,14.0,boss
1193,361,14.0,boss
1194,364,3.605551275463989,boss
1195,364,3.605551275463989,boss
1196,364,3.605551275463989,boss
1197,357,15.524174696260024,boss
1198,348,15.524174696260024,boss
1199,348,15.524174696260024,boss
1200,336,18.05547008526779,boss
1201,325,7.874007874011811,boss
1202,319,7.810249675906654,boss
1203,319,7.810249675906654,boss
1204,327,2.23606797749979,boss
1205,327,2.23606797749979,boss
1206,327,2.23606797749979,boss
1207,338,18.973665961010276,boss
1208,338,18.973665961010276,boss
1209,346,15.684387141358123,boss
1210,347,11.916375287812984,boss
1211,347,11.916375287812984,boss
1212,347,11.916375287812984,boss
1213,349,19.026297590440446,boss
1214,350,15.0996688705415,boss
1215,350,15.0996688705415,boss
1216,350,15.0996688705415,boss
1217,350,12.569805089976535,boss
1218,350,12.569805089976535,boss
1219,350,12.569805089976535,boss
1220,345,10.816653826391969,boss
1221,345,10.816653826391969,boss
1222,345,10.816653826391969,boss
1223,342,15.0996688705415,boss
1224,336,13.30413469565007,boss
1225,336,13.30413469565007,boss
1226,336,13.30413469565007,boss
1227,333,19.672315572906,boss
1228,331,22.64950330581225,boss
1229,325,24.289915602982237,boss
1230,318,17.291616465790582,boss
1231,318,17.291616465790582,boss
1232,322,10.488088481701515,boss
1233,322,3.7416573867739413,boss
1234,322,3.7416573867739413,boss
1235,322,3.7416573867739413,boss
1236,333,19.544820285692065,boss
1237,337,18.24828759089466,boss
1238,337,18.24828759089466,boss
1239,351,16.186414056238647,boss
1240,360,15.165750888103101,boss
1241,360,15.165750888103101,boss
1242,360,15.165750888103101,boss
1243,361,15.652475842498529,boss
1244,362,9.486832980505138,boss
1245,363,3.605551275463989,boss
1246,363,3.605551275463989,boss
1247,363,3.605551275463989,boss
1248,362,13.19090595827292,boss
1249,361,9.9498743710662,boss
1250,361,9.9498743710662,boss
1251,361,9.9498743710662,boss
1252,360,10.04987562112089,boss
1253,359,15.394804318340652,boss
1254,355,12.727922061357855,boss
1255,355,12.727922061357855,boss
1256,355,12.727922061357855,boss
1257,347,16.61324772583615,boss
1258,347,16.61324772583615,boss
1259,347,16.61324772583615,boss
1260,344,19.82422760159901,boss
1261,337,21.470910553583888,boss
1262,337,21.470910553583888,boss
368,770,24.454038521274967,field
369,770,22.44994432064365,field
370,770,22.44994432064365,field
371,770,20.73644135332772,field
372,770,19.6468827043885,field
373,770,18.708286933869708,field
374,770,18.708286933869708,field
375,770,18.708286933869708,field
376,770,19.313207915827967,field
377,770,20.049937655763422,field
378,770,20.904544960366874,field
379,770,21.77154105707724,field
380,770,24.779023386727733,field
381,770,25.787593916455254,field
382,770,28.337254630609507,field
383,770,28.337254630609507,field
384,770,29.58039891549808,field
385,769,25.099800796022265,field
386,769,23.108440016582687,field
387,769,22.293496809607955,field
388,769,22.293496809607955,field
389,769,22.045407685048602,field
390,768,21.307275752662516,field
391,768,21.307275752662516,field
392,768,21.307275752662516,field
393,769,24.779023386727733,field
394,769,24.779023386727733,field
395,769,24.779023386727733,field
396,768,31.827660925679098,field
397,766,31.28897569432403,field
398,767,27.459060435491963,field
399,766,22.02271554554524,field
400,766,22.02271554554524,field
401,766,22.02271554554524,field
402,766,23.043437243605826,field
403,766,32.07802986469088,field
404,762,31.51190251317746,field
405,762,27.367864366808018,field
406,763,25.079872407968907,field
407,763,19.339079605813716,field
408,762,18.708286933869708,field
409,762,18.708286933869708,field
410,762,18.708286933869708,field
411,762,19.0,field
412,763,20.149441679609886,field
413,763,20.149441679609886,field
414,763,20.149441679609886,field
415,764,23.62202362203543,field
416,769,26.570660511172846,field
417,769,26.570660511172846,field
418,769,26.570660511172846,field
419,770,36.565010597564445,field
420,773,33.18132004607411,field
421,775,29.223278392404914,field
422,775,25.298221281347036,field
423,774,22.40535650240808,field
424,774,20.024984394500787,field
425,774,20.024984394500787,field
426,774,20.024984394500787,field
427,775,20.83266665599966,field
428,775,20.83266665599966,field
429,775,21.587033144922902,field
430,775,21.93171219946131,field
431,776,23.345235059857504,field
432,776,22.561028345356956,field
433,776,22.22611077089287,field
434,776,21.18962010041709,field
435,776,21.18962010041709,field
436,775,19.519221295943137,field
437,775,18.681541692269406,field
438,775,18.681541692269406,field
439,775,17.97220075561143,field
440,775,17.97220075561143,field
441,775,17.97220075561143,field
442,775,17.97220075561143,field
443,776,18.867962264113206,field
444,775,20.273134932713294,field
445,776,19.390719429665317,field
446,776,18.05547008526779,field
447,776,18.05547008526779,field
448,776,18.05547008526779,field
449,776,22.869193252058544,field
450,777,25.942243542145693,field
451,778,30.099833886584822,field
452,781,32.202484376209235,field
453,782,28.071337695236398,field
454,782,28.071337695236398,field
455,782,28.071337695236398,field
456,786,30.099833886584822,field
457,786,22.67156809750927,field
458,786,22.67156809750927,field
459,786,22.67156809750927,field
460,786,23.958297101421877,field
461,786,23.958297101421877,field
462,787,25.39685019840059,field
463,787,25.39685019840059,field
464,787,25.39685019840059,field
465,786,23.53720459187964,field
466,786,21.283796653792763,field
467,786,20.149441679609886,field
468,786,20.149441679609886,field
469,786,20.149441679609886,field
470,786,20.346989949375804,field
471,786,21.587033144922902,field
472,786,22.38302928559939,field
473,786,22.38302928559939,field
474,785,22.561028345356956,field
475,785,22.561028345356956,field
476,785,22.58317958127243,field
477,785,23.0,field
478,785,23.0,field
479,785,23.0,field
480,783,23.790754506740637,field
481,783,23.790754506740637,field
482,783,20.42057785666214,field
483,783,19.6468827043885,field
484,783,19.6468827043885,field
485,783,19.6468827043885,field
486,783,20.808652046684813,field
487,782,23.108440016582687,field
488,782,23.108440016582687,field
489,782,23.0,field
490,782,23.0,field
491,782,23.0,field
492,781,22.38302928559939,field
493,781,19.697715603592208,field
494,781,19.697715603592208,field
495,781,19.697715603592208,field
496,781,21.840329667841555,field
497,781,26.1725046566048,field
498,781,26.870057685088806,field
499,781,27.440845468024488,field
500,780,28.879058156387302,field
501,780,28.879058156387302,field
502,780,29.765752132274432,field
503,780,30.479501308256342,field
504,779,30.099833886584822,field
505,779,27.459060435491963,field
506,779,27.459060435491963,field
507,779,27.459060435491963,field
508,777,28.653097563788805,field
509,778,28.478061731796284,field
510,778,28.478061731796284,field
511,777,26.19160170741759,field
512,777,26.19160170741759,field
513,777,25.15949125081825,field
514,777,24.20743687382041,field
515,777,23.345235059857504,field
516,777,21.93171219946131,field
517,777,19.924858845171276,field
518,777,19.924858845171276,field
519,777,19.924858845171276,field
520,777,19.924858845171276,field
521,777,19.924858845171276,field
522,778,17.378147196982766,field
523,778,17.378147196982766,field
524,778,17.378147196982766,field
525,778,17.378147196982766,field
526,778,20.615528128088304,field
527,778,20.639767440550294,field
528,778,20.639767440550294,field
529,778,20.639767440550294,field
530,777,23.194827009486403,field
531,777,26.70205984563738,field
532,774,27.331300737432898,field
533,774,25.573423705088842,field
534,774,24.839484696748443,field
535,774,24.839484696748443,field
536,774,24.839484696748443,field
537,774,26.645825188948457,field
538,775,25.45584412271571,field
539,775,24.289915602982237,field
540,775,24.289915602982237,field
541,775,24.289915602982237,field
542,775,24.919871588754223,field
543,775,24.919871588754223,field
544,775,24.919871588754223,field
545,773,26.115129714401192,field
546,773,26.115129714401192,field
547,773,31.400636936215164,field
548,769,29.274562336608895,field
549,769,29.274562336608895,field
550,769,29.274562336608895,field
551,768,29.765752132274432,field
552,761,31.016124838541646,field
553,761,31.016124838541646,field
554,761,31.016124838541646,field
555,759,31.52776554086889,field
556,757,34.52535300326414,field
557,754,34.36568055487916,field
558,753,32.202484376209235,field
559,753,29.698484809834994,field
560,753,29.698484809834994,field
561,753,29.698484809834994,field
562,750,28.948229652260256,field
563,750,27.367864366808018,field
564,750,27.367864366808018,field
565,750,24.289915602982237,field
566,750,24.289915602982237,field
567,747,19.261360284258224,field
568,747,19.261360284258224,field
569,747,19.261360284258224,field
570,748,19.924858845171276,field
571,747,25.495097567963924,field
572,747,28.160255680657446,field
573,744,25.787593916455254,field
574,744,25.787593916455254,field
575,743,25.573423705088842,field
576,743,25.573423705088842,field
577,743,25.573423705088842,field
578,741,26.115129714401192,field
579,734,22.516660498395403,field
580,734,22.516660498395403,field
581,734,22.516660498395403,field
582,730,28.142494558940577,field
583,718,28.372521918222215,field
584,703,28.653097563788805,field
585,701,23.895606290697042,field
586,697,29.223278392404914,field
587,679,19.697715603592208,field
588,679,19.697715603592208,field
589,679,19.697715603592208,field
590,678,21.840329667841555,field
591,679,26.70205984563738,field
592,679,26.70205984563738,field
593,679,26.70205984563738,field
594,679,27.440845468024488,field
595,680,29.068883707497267,field
596,682,32.155870381627054,field
597,683,30.692018506445613,field
598,684,29.631064780058107,field
599,684,29.631064780058107,field
600,686,23.345235059857504,field
601,686,21.93171219946131,field
602,686,21.93171219946131,field
603,686,21.93171219946131,field
604,687,30.822070014844883,field
605,688,27.09243436828813,field
606,688,27.09243436828813,field
607,687,26.1725046566048,field
608,687,23.280893453645632,field
609,687,23.280893453645632,field
610,687,23.280893453645632,field
611,687,23.769728648009426,field
612,687,24.24871130596428,field
613,686,27.622454633866266,field
614,683,27.85677655436824,field
615,683,21.6794833886788,field
616,683,18.601075237738275,field
617,683,18.601075237738275,field
618,683,18.601075237738275,field
619,683,19.235384061671343,field
620,682,24.454038521274967,field
621,686,19.209372712298546,field
622,686,19.209372712298546,field
623,686,19.209372712298546,field
624,689,22.516660498395403,field
625,689,22.516660498395403,field
626,690,22.11334438749598,field
627,690,22.11334438749598,field
628,690,22.11334438749598,field
629,690,22.22611077089287,field
630,691,27.294688127912362,field
631,692,21.587033144922902,field
632,692,19.6468827043885,field
633,692,19.6468827043885,field
634,692,19.6468827043885,field
635,694,20.639767440550294,field
636,694,18.466185312619388,field
637,693,14.89966442575134,field
638,693,14.89966442575134,field
639,693,14.89966442575134,field
640,694,19.748417658131498,field
641,694,24.879710609249457,field
642,699,28.91366458960192,field
643,699,19.519221295943137,field
644,699,19.519221295943137,field
645,699,19.519221295943137,field
646,700,23.727621035409346,field
647,703,24.71841418861655,field
648,703,23.769728648009426,field
649,703,23.769728648009426,field
650,703,23.769728648009426,field
651,705,21.118712081942874,field
652,705,18.138357147217054,field
653,705,18.138357147217054,field
654,705,18.138357147217054,field
655,704,18.708286933869708,field
656,704,21.863211109075447,field
657,705,27.459060435491963,field
658,707,28.142494558940577,field
659,706,28.35489375751565,field
660,707,26.645825188948457,field
661,708,24.55605831561735,field
662,708,24.55605831561735,field
663,708,22.759613353482084,field
664,708,22.759613353482084,field
665,708,22.759613353482084,field
666,708,26.248809496813376,field
667,707,21.93171219946131,field
668,707,19.519221295943137,field
669,706,19.1049731745428,field
670,706,19.1049731745428,field
671,706,19.1049731745428,field
672,706,22.135943621178654,field
673,711,29.086079144497972,field
674,711,29.086079144497972,field
675,713,28.160255680657446,field
676,714,24.0,field
677,715,23.15167380558045,field
678,714,20.639767440550294,field
679,714,20.639767440550294,field
680,715,18.867962264113206,field
681,715,18.867962264113206,field
682,715,18.867962264113206,field
683,714,23.043437243605826,field
684,714,23.043437243605826,field
685,712,24.372115213907882,field
686,713,27.459060435491963,field
687,712,28.160255680657446,field
688,711,25.079872407968907,field
689,712,23.280893453645632,field
690,712,23.280893453645632,field
691,712,23.280893453645632,field
692,711,23.108440016582687,field
693,711,22.38302928559939,field
694,711,22.38302928559939,field
695,711,21.0,field
696,711,21.0,field
697,711,21.0,field
698,711,22.11334438749598,field
699,712,22.38302928559939,field
700,712,20.248456731316587,field
701,713,17.72004514666935,field
702,713,17.72004514666935,field
703,713,17.72004514666935,field
704,713,23.62202362203543,field
705,715,28.160255680657446,field
706,715,28.160255680657446,field
707,717,30.675723300355934,field
708,718,26.645825188948457,field
709,718,22.135943621178654,field
710,718,21.118712081942874,field
711,718,19.697715603592208,field
712,718,19.697715603592208,field
713,718,19.697715603592208,field
714,718,21.840329667841555,field
715,718,25.39685019840059,field
716,718,29.34280150224242,field
717,720,26.870057685088806,field
718,720,26.720778431774775,field
719,721,25.019992006393608,field
720,721,20.92844953645635,field
721,721,20.92844953645635,field
722,721,20.92844953645635,field
723,725,28.809720581775867,field
724,725,28.809720581775867,field
725,725,28.809720581775867,field
726,726,29.171904291629644,field
727,726,29.171904291629644,field
728,727,33.481338085566414,field
729,734,33.85262175962151,field
730,734,30.14962686336267,field
731,734,26.90724809414742,field
732,734,26.589471600616662,field
733,734,26.589471600616662,field
734,734,26.589471600616662,field
735,737,25.099800796022265,field
736,737,20.591260281974,field
737,737,20.591260281974,field
738,737,20.591260281974,field
739,738,22.715633383201094,field
740,738,22.715633383201094,field
741,740,28.178005607210743,field
742,740,23.0,field
743,740,23.0,field
744,740,21.0,field
745,740,21.0,field
746,740,21.0,field
747,740,22.516660498395403,field
748,740,23.430749027719962,field
749,741,24.779023386727733,field
750,741,24.535688292770594,field
751,741,24.535688292770594,field
752,741,24.535688292770594,field
753,740,28.30194339616981,field
754,739,28.722813232690143,field
755,734,30.870698080866262,field
756,735,27.676705006196094,field
757,735,27.676705006196094,field
758,735,27.676705006196094,field
759,734,32.93933818400121,field
760,729,34.14674215792775,field
761,726,30.347981810987037,field
762,725,23.53720459187964,field
763,725,23.53720459187964,field
764,725,23.53720459187964,field
765,724,28.106938645110393,field
766,723,29.068883707497267,field
767,723,18.49324200890693,field
768,723,16.401219466856727,field
769,723,16.401219466856727,field
770,723,16.401219466856727,field
771,723,20.322401432901575,field
772,723,24.839484696748443,field
773,722,22.516660498395403,field
774,722,22.44994432064365,field
775,722,22.44994432064365,field
776,722,22.44994432064365,field
777,722,23.430749027719962,field
778,718,23.748684174075834,field
779,718,21.97726097583591,field
780,718,21.97726097583591,field
781,718,21.97726097583591,field
782,713,30.822070014844883,field
783,713,30.822070014844883,field
784,713,30.822070014844883,field
785,711,31.796226191169293,field
786,709,32.71085446759225,field
787,708,37.48332962798263,field
788,703,34.72751070837067,field
789,702,23.49468024894146,field
790,702,16.881943016134134,field
791,702,15.165750888103101,field
792,702,15.165750888103101,field
793,702,15.165750888103101,field
794,703,19.05255888325765,field
795,704,24.879710609249457,field
796,705,30.23243291566195,field
797,712,22.58317958127243,field
798,712,22.58317958127243,field
799,712,22.58317958127243,field
800,718,25.475478405713993,field
801,718,25.475478405713993,field
802,718,23.49468024894146,field
803,718,22.715633383201094,field
804,718,22.715633383201094,field
805,718,22.715633383201094,field
806,720,22.045407685048602,field
807,720,22.045407685048602,field
808,720,22.045407685048602,field
809,720,24.677925358506133,field
810,720,24.677925358506133,field
811,722,29.698484809834994,field
812,723,26.095976701399778,field
813,723,18.867962264113206,field
814,723,18.867962264113206,field
815,723,18.867962264113206,field
816,724,19.8997487421324,field
817,724,20.54263858417414,field
818,724,21.563858652847824,field
819,724,22.44994432064365,field
820,724,24.919871588754223,field
821,724,28.106938645110393,field
822,724,28.653097563788805,field
823,723,28.879058156387302,field
824,723,29.546573405388315,field
825,723,33.18132004607411,field
826,721,29.257477676655586,field
827,721,28.478061731796284,field
828,721,28.478061731796284,field
829,720,26.095976701399778,field
830,720,22.11334438749598,field
831,719,20.248456731316587,field
832,719,19.05255888325765,field
833,719,19.05255888325765,field
834,719,19.05255888325765,field
835,719,19.05255888325765,field
836,719,19.05255888325765,field
837,719,20.322401432901575,field
838,719,21.095023109728988,field
839,719,21.095023109728988,field
840,719,21.095023109728988,field
841,719,22.20360331117452,field
842,719,21.118712081942874,field
843,719,20.71231517720798,field
844,719,20.71231517720798,field
845,719,20.71231517720798,field
846,719,21.118712081942874,field
847,719,21.400934559032695,field
848,719,23.194827009486403,field
849,718,24.289915602982237,field
850,719,22.20360331117452,field
851,719,18.138357147217054,field
852,719,18.138357147217054,field
853,719,18.138357147217054,field
854,719,22.135943621178654,field
855,719,25.514701644346147,field
856,721,24.24871130596428,field
857,721,24.24871130596428,field
858,721,24.24871130596428,field
859,724,25.13961017995307,field
860,724,23.790754506740637,field
861,724,23.790754506740637,field
862,724,23.790754506740637,field
863,724,24.06241883103193,field
864,725,27.294688127912362,field
865,726,25.019992006393608,field
866,725,22.516660498395403,field
867,725,22.516660498395403,field
868,725,22.516660498395403,field
869,725,26.570660511172846,field
870,725,26.570660511172846,field
871,715,32.51153641401772,field
872,703,26.551836094703507,field
873,703,26.551836094703507,field
874,703,26.551836094703507,field
875,691,18.466185312619388,field
876,690,16.30950643030009,field
877,690,16.30950643030009,field
878,690,16.30950643030009,field
879,690,22.9128784747792,field
880,692,33.85262175962151,field
881,692,33.85262175962151,field
882,696,31.016124838541646,field
883,698,29.410882339705484,field
884,698,29.410882339705484,field
885,705,23.043437243605826,field
886,704,18.384776310850235,field
887,704,18.384776310850235,field
888,704,18.384776310850235,field
889,710,27.0,field
890,711,12.884098726725126,field
891,711,12.884098726725126,field
892,711,12.884098726725126,field
893,711,15.165750888103101,field
894,712,18.841443681416774,field
895,713,22.64950330581225,field
896,713,21.587033144922902,field
897,713,21.587033144922902,field
898,713,21.587033144922902,field
899,712,22.40535650240808,field
900,712,23.345235059857504,field
901,712,25.865034312755125,field
902,713,27.018512172212592,field
903,713,27.018512172212592,field
904,714,27.367864366808018,field
905,714,27.367864366808018,field
906,715,26.095976701399778,field
907,716,22.516660498395403,field
908,715,20.904544960366874,field
909,715,20.904544960366874,field
910,715,20.904544960366874,field
911,714,19.0,field
912,714,19.0,field
913,714,19.0,field
914,714,21.400934559032695,field
915,714,24.20743687382041,field
916,716,24.919871588754223,field
917,716,22.135943621178654,field
918,716,19.924858845171276,field
919,716,19.924858845171276,field
920,716,19.924858845171276,field
921,716,22.02271554554524,field
922,716,24.351591323771842,field
923,715,26.645825188948457,field
924,715,23.853720883753127,field
925,714,16.401219466856727,field
926,714,16.401219466856727,field
927,714,16.401219466856727,field
928,713,23.430749027719962,field
929,713,23.62202362203543,field
930,713,21.400934559032695,field
931,712,19.72308292331602,field
932,712,19.72308292331602,field
933,712,19.72308292331602,field
934,714,24.535688292770594,field
935,714,24.535688292770594,field
936,715,21.77154105707724,field
937,715,21.77154105707724,field
938,715,21.77154105707724,field
939,714,23.430749027719962,field
940,713,23.958297101421877,field
941,708,23.430749027719962,field
942,707,18.05547008526779,field
943,706,18.05547008526779,field
944,706,18.05547008526779,field
945,706,18.05547008526779,field
946,706,19.0,field
947,707,19.544820285692065,field
948,707,19.544820285692065,field
949,707,18.708286933869708,field
950,707,18.708286933869708,field
951,707,18.708286933869708,field
952,707,19.261360284258224,field
953,707,24.73863375370596,field
954,708,25.179356624028344,field
955,708,26.645825188948457,field
956,710,24.1039415863879,field
957,710,17.72004514666935,field
958,711,14.798648586948742,field
959,711,14.798648586948742,field
960,711,14.798648586948742,field
961,711,20.615528128088304,field
962,711,20.615528128088304,field
963,710,19.72308292331602,field
964,710,19.72308292331602,field
965,710,19.72308292331602,field
966,710,20.346989949375804,field
967,710,24.20743687382041,field
968,711,24.73863375370596,field
969,711,25.88435821108957,field
970,710,24.919871588754223,field
971,710,24.596747752497688,field
972,710,24.596747752497688,field
973,710,24.596747752497688,field
974,709,23.62202362203543,field
975,709,22.58317958127243,field
976,709,22.58317958127243,field
977,709,22.58317958127243,field
978,709,24.20743687382041,field
979,709,25.495097567963924,field
980,710,25.179356624028344,field
981,710,21.400934559032695,field
982,710,21.400934559032695,field
983,710,20.615528128088304,field
984,710,20.615528128088304,field
985,710,20.615528128088304,field
986,710,20.784609690826528,field
987,710,23.043437243605826,field
988,711,24.289915602982237,field
989,711,18.05547008526779,field
990,711,15.297058540778355,field
991,711,15.297058540778355,field
992,711,15.297058540778355,field
993,710,19.87460691435179,field
994,711,20.445048300260872,field
995,710,18.16590212458495,field
996,710,18.027756377319946,field
997,710,16.881943016134134,field
998,710,16.881943016134134,field
999,710,16.881943016134134,field
1000,710,18.708286933869708,field
1001,710,20.149441679609886,field
1002,709,17.72004514666935,field
1003,709,17.72004514666935,field
1004,709,17.72004514666935,field
1005,709,18.708286933869708,field
1006,709,18.708286933869708,field
1007,709,18.708286933869708,field
1008,709,28.600699292150182,field
1009,705,29.631064780058107,field
1010,705,29.631064780058107,field
1011,706,27.2213151776324,field
1012,705,27.2213151776324,field
1013,705,27.2213151776324,field
1014,705,27.2213151776324,field
1015,702,28.861739379323623,field
1016,698,27.2213151776324,field
1017,698,27.2213151776324,field
1018,698,27.2213151776324,field
1019,693,24.71841418861655,field
1020,693,21.97726097583591,field
1021,693,21.97726097583591,field
1022,693,21.97726097583591,field
1023,692,22.891046284519195,field
1024,693,28.106938645110393,field
1025,696,31.272991542223778,field
1026,696,31.272991542223778,field
1027,696,31.336879231984796,field
1028,696,31.336879231984796,field
1029,696,29.223278392404914,field
1030,697,21.42428528562855,field
1031,697,21.42428528562855,field
1032,697,21.42428528562855,field
1033,697,21.42428528562855,field
1034,697,21.42428528562855,field
1035,697,24.06241883103193,field
1036,698,25.39685019840059,field
1037,698,25.099800796022265,field
1038,698,24.20743687382041,field
1039,698,21.97726097583591,field
1040,697,21.095023109728988,field
1041,697,21.095023109728988,field
1042,697,21.095023109728988,field
1043,696,21.118712081942874,field
1044,696,23.769728648009426,field
1045,695,24.24871130596428,field
1046,695,24.24871130596428,field
1047,695,24.24871130596428,field
1048,694,25.514701644346147,field
1049,693,25.099800796022265,field
1050,692,23.727621035409346,field
1051,692,23.727621035409346,field
1052,692,23.727621035409346,field
1053,691,26.77685567799177,field
1054,691,26.77685567799177,field
1055,691,26.77685567799177,field
1056,688,25.179356624028344,field
1057,688,24.372115213907882,field
1058,688,24.372115213907882,field
1059,690,23.366642891095847,field
1060,690,23.345235059857504,field
1061,689,21.470910553583888,field
1062,689,21.470910553583888,field
1063,689,21.470910553583888,field
1064,690,21.748563170931547,field
1065,689,19.72308292331602,field
1066,689,19.72308292331602,field
1067,689,19.72308292331602,field
1068,689,22.38302928559939,field
1069,690,26.115129714401192,field
1070,689,28.089143810376278,field
1071,687,21.047565179849187,field
1072,687,19.4164878389476,field
1073,687,19.4164878389476,field
1074,687,19.4164878389476,field
1075,686,23.93741840717165,field
1076,687,27.892651361962706,field
1077,691,29.478805945967352,field
1078,693,24.879710609249457,field
1079,693,24.819347291981714,field
1080,693,24.819347291981714,field
1081,693,24.819347291981714,field
1082,697,26.43860813280457,field
1083,697,26.43860813280457,field
1084,697,26.43860813280457,field
1085,703,30.166206257996713,field
1086,704,29.478805945967352,field
1087,707,24.535688292770594,field
1088,708,22.293496809607955,field
1089,708,22.293496809607955,field
1090,708,22.293496809607955,field
1091,708,23.62202362203543,field
1092,711,25.495097567963924,field
1093,712,23.15167380558045,field
1094,712,19.209372712298546,field
1095,712,19.209372712298546,field
1096,712,19.209372712298546,field
1097,714,19.949937343260004,field
1098,714,19.949937343260004,field
1099,714,19.949937343260004,field
1100,715,27.892651361962706,field
1101,715,27.892651361962706,field
1102,718,23.15167380558045,field
1103,718,23.15167380558045,field
1104,719,21.97726097583591,field
1105,718,21.6794833886788,field
1106,718,21.400934559032695,field
1107,718,19.8997487421324,field
1108,718,19.026297590440446,field
1109,718,19.026297590440446,field
1110,718,19.026297590440446,field
1111,718,21.633307652783937,field
1112,717,24.20743687382041,field
1113,718,21.400934559032695,field
1114,718,20.92844953645635,field
1115,718,20.92844953645635,field
1116,717,19.44222209522358,field
1117,717,17.578395831246947,field
1118,717,17.578395831246947,field
1119,717,17.578395831246947,field
1120,716,22.58317958127243,field
1121,718,26.1725046566048,field
1122,724,27.09243436828813,field
1123,726,23.280893453645632,field
1124,726,23.280893453645632,field
1125,729,19.339079605813716,field
1126,729,16.401219466856727,field
1127,729,16.401219466856727,field
1128,729,16.401219466856727,field
1129,729,19.026297590440446,field
1130,729,22.9128784747792,field
1131,727,31.448370387032774,field
1132,727,31.448370387032774,field
1133,726,31.78049716414141,field
1134,724,34.20526275297414,field
1135,718,28.5657137141714,field
1136,718,21.656407827707714,field
1137,718,21.656407827707714,field
1138,718,21.656407827707714,field
1139,712,31.064449134018133,field
1140,712,31.064449134018133,field
1141,712,31.064449134018133,field
1142,710,31.89043743820395,field
1143,703,24.73863375370596,field
1144,703,24.73863375370596,field
1145,703,24.73863375370596,field
1146,699,23.727621035409346,field
1147,699,23.727621035409346,field
1148,699,23.727621035409346,field
1149,694,23.790754506740637,field
1150,694,23.790754506740637,field
1151,694,23.790754506740637,field
1152,693,24.819347291981714,field
1153,689,28.0178514522438,field
1154,689,28.0178514522438,field
1155,685,30.692018506445613,field
1156,685,30.692018506445613,field
1157,679,29.816103031751148,field
1158,677,29.154759474226502,field
1159,677,29.154759474226502,field
1160,673,27.892651361962706,field
1161,673,27.892651361962706,field
1162,673,27.892651361962706,field
1163,669,27.09243436828813,field
1164,669,22.737634001804146,field
1165,670,16.97056274847714,field
1166,670,16.97056274847714,field
1167,670,16.97056274847714,field
1168,670,23.323807579381203,field
1169,673,31.52776554086889,field
1170,673,31.52776554086889,field
1171,677,35.566838487557476,field
1172,677,33.83784863137726,field
1173,678,31.448370387032774,field
1174,678,31.016124838541646,field
1175,679,29.563490998188964,field
1176,680,26.870057685088806,field
1177,679,25.514701644346147,field
1178,679,22.561028345356956,field
1179,679,22.561028345356956,field
1180,679,22.561028345356956,field
1181,679,20.904544960366874,field
1182,679,20.346989949375804,field
1183,679,20.346989949375804,field
1184,679,20.346989949375804,field
1185,676,23.430749027719962,field
1186,678,23.345235059857504,field
1187,678,23.345235059857504,field
1188,677,21.400934559032695,field
1189,677,21.400934559032695,field
1190,677,21.400934559032695,field
1191,677,20.149441679609886,field
1192,677,19.72308292331602,field
1193,677,17.72004514666935,field
1194,677,17.72004514666935,field
1195,677,17.72004514666935,field
1196,677,18.708286933869708,field
1197,676,20.615528128088304,field
1198,676,20.615528128088304,field
1199,676,21.563858652847824,field
1200,676,26.019223662515376,field
1201,678,22.293496809607955,field
1202,679,15.652475842498529,field
1203,678,15.033296378372908,field
1204,678,15.033296378372908,field
1205,678,15.033296378372908,field
1206,679,19.621416870348583,field
1207,679,19.621416870348583,field
1208,681,22.135943621178654,field
1209,681,22.135943621178654,field
1210,681,22.135943621178654,field
1211,681,22.135943621178654,field
1212,681,22.135943621178654,field
1213,680,16.30950643030009,field
1214,680,16.30950643030009,field
1215,680,16.30950643030009,field
1216,680,17.804493814764857,field
1217,677,24.124676163629637,field
1218,677,24.124676163629637,field
1219,677,30.854497241083024,field
1220,675,32.202484376209235,field
1221,666,31.670175244226233,field
1222,666,31.670175244226233,field
1223,662,23.93741840717165,field
1224,661,16.911534525287763,field
1225,661,15.811388300841896,field
1226,661,15.811388300841896,field
1227,661,15.811388300841896,field
1228,660,17.11724276862369,field
1229,660,25.65151067676132,field
1230,662,28.722813232690143,field
1231,662,28.722813232690143,field
1232,665,27.09243436828813,field
1233,665,27.09243436828813,field
1234,665,27.09243436828813,field
1235,671,32.155870381627054,field
1236,669,30.364452901377952,field
1237,670,25.709920264364882,field
1238,670,25.709920264364882,field
1239,670,25.709920264364882,field
1240,673,25.88435821108957,field
1241,673,24.779023386727733,field
1242,673,24.779023386727733,field
1243,673,24.779023386727733,field
1244,676,23.895606290697042,field
1245,676,22.40535650240808,field
1246,676,22.40535650240808,field
1247,676,22.40535650240808,field
1248,678,26.095976701399778,field
1249,678,22.58317958127243,field
1250,678,21.656407827707714,field
1251,678,21.656407827707714,field
1252,678,21.656407827707714,field
1253,679,20.83266665599966,field
1254,679,20.83266665599966,field
1255,680,19.261360284258224,field
1256,680,19.261360284258224,field
1257,680,19.261360284258224,field
1258,680,25.495097567963924,field
1259,680,26.38181191654584,field
1260,680,27.53179979587241,field
1261,683,28.6705423736629,field
1262,683,28.6705423736629,field
831,773,39.6232255123179,other_coin
832,773,30.675723300355934,other_coin
833,773,21.42428528562855,other_coin
834,773,21.42428528562855,other_coin
835,773,21.42428528562855,other_coin
836,773,23.853720883753127,other_coin
837,775,23.895606290697042,other_coin
838,774,20.83266665599966,other_coin
839,774,20.83266665599966,other_coin
840,774,20.83266665599966,other_coin
841,780,26.0,other_coin
842,780,26.0,other_coin
843,784,25.553864678361276,other_coin
844,784,25.553864678361276,other_coin
845,784,25.553864678361276,other_coin
846,787,20.54263858417414,other_coin
847,787,20.54263858417414,other_coin
848,787,20.54263858417414,other_coin
849,785,20.346989949375804,other_coin
850,785,20.346989949375804,other_coin
851,785,20.346989949375804,other_coin
852,787,21.494185260204677,other_coin
853,787,21.494185260204677,other_coin
854,787,21.494185260204677,other_coin
855,787,25.98076211353316,other_coin
856,788,18.466185312619388,other_coin
857,789,18.05547008526779,other_coin
858,789,18.05547008526779,other_coin
859,789,18.05547008526779,other_coin
860,789,12.36931687685298,other_coin
861,789,12.36931687685298,other_coin
862,789,12.36931687685298,other_coin
863,788,18.547236990991408,other_coin
864,788,22.825424421026653,other_coin
865,785,19.672315572906,other_coin
866,785,19.672315572906,other_coin
867,786,19.209372712298546,other_coin
868,786,19.209372712298546,other_coin
869,785,14.212670403551895,other_coin
870,785,14.212670403551895,other_coin
871,785,14.212670403551895,other_coin
872,786,22.737634001804146,other_coin
873,788,24.677925358506133,other_coin
874,788,24.677925358506133,other_coin
875,788,24.677925358506133,other_coin
876,789,27.386127875258307,other_coin
877,790,24.413111231467404,other_coin
878,790,24.413111231467404,other_coin
879,791,23.53720459187964,other_coin
880,791,23.53720459187964,other_coin
881,791,23.53720459187964,other_coin
882,792,24.289915602982237,other_coin
883,792,24.289915602982237,other_coin
884,792,24.289915602982237,other_coin
885,793,26.627053911388696,other_coin
886,793,20.346989949375804,other_coin
887,793,19.519221295943137,other_coin
888,793,19.519221295943137,other_coin
889,793,19.519221295943137,other_coin
890,793,21.213203435596427,other_coin
891,792,22.22611077089287,other_coin
892,792,22.22611077089287,other_coin
893,792,22.22611077089287,other_coin
894,790,34.49637662132068,other_coin
895,787,28.495613697550013,other_coin
896,787,28.495613697550013,other_coin
897,787,20.049937655763422,other_coin
898,787,16.55294535724685,other_coin
899,787,15.7797338380595,other_coin
900,787,15.684387141358123,other_coin
901,787,15.684387141358123,other_coin
902,787,15.684387141358123,other_coin
903,788,18.708286933869708,other_coin
904,788,18.708286933869708,other_coin
905,788,18.708286933869708,other_coin
906,787,22.494443758403985,other_coin
907,787,22.494443758403985,other_coin
908,788,17.0,other_coin
909,788,17.0,other_coin
910,788,17.0,other_coin
911,789,22.67156809750927,other_coin
912,792,20.83266665599966,other_coin
913,792,20.83266665599966,other_coin
914,792,20.83266665599966,other_coin
915,793,24.041630560342615,other_coin
916,793,21.656407827707714,other_coin
917,793,19.72308292331602,other_coin
918,793,19.72308292331602,other_coin
919,792,14.696938456699069,other_coin
920,792,14.696938456699069,other_coin
921,792,14.696938456699069,other_coin
922,792,21.72556098240043,other_coin
923,791,20.346989949375804,other_coin
924,791,20.346989949375804,other_coin
925,791,20.346989949375804,other_coin
926,792,21.77154105707724,other_coin
927,792,21.77154105707724,other_coin
928,788,23.259406699226016,other_coin
929,788,23.259406699226016,other_coin
930,788,23.259406699226016,other_coin
931,787,23.021728866442675,other_coin
932,785,21.0,other_coin
933,785,21.0,other_coin
934,785,21.0,other_coin
935,782,13.601470508735444,other_coin
936,782,13.601470508735444,other_coin
937,782,13.601470508735444,other_coin
938,782,15.132745950421556,other_coin
939,783,16.09347693943108,other_coin
940,785,21.18962010041709,other_coin
941,785,21.18962010041709,other_coin
942,785,21.18962010041709,other_coin
943,786,24.1039415863879,other_coin
944,789,18.81488772222678,other_coin
945,789,18.81488772222678,other_coin
946,789,18.81488772222678,other_coin
947,789,22.293496809607955,other_coin
948,791,24.73863375370596,other_coin
949,791,21.2602916254693,other_coin
950,791,21.2602916254693,other_coin
951,791,21.2602916254693,other_coin
952,789,22.0,other_coin
953,789,22.0,other_coin
954,789,27.03701166919155,other_coin
955,788,27.184554438136374,other_coin
956,787,26.981475126464083,other_coin
957,788,26.92582403567252,other_coin
958,788,23.853720883753127,other_coin
959,785,19.72308292331602,other_coin
960,786,18.466185312619388,other_coin
961,786,18.466185312619388,other_coin
962,786,18.466185312619388,other_coin
963,782,24.596747752497688,other_coin
964,782,24.596747752497688,other_coin
965,782,24.596747752497688,other_coin
966,780,22.737634001804146,other_coin
967,780,22.737634001804146,other_coin
968,782,17.804493814764857,other_coin
969,782,17.804493814764857,other_coin
970,782,17.804493814764857,other_coin
971,783,28.600699292150182,other_coin
972,786,27.331300737432898,other_coin
973,788,26.627053911388696,other_coin
974,788,26.627053911388696,other_coin
975,789,22.22611077089287,other_coin
976,789,22.22611077089287,other_coin
977,789,22.22611077089287,other_coin
978,791,24.779023386727733,other_coin
979,790,28.792360097775937,other_coin
980,790,28.792360097775937,other_coin
981,790,28.792360097775937,other_coin
982,790,30.528675044947494,other_coin
983,790,27.820855486487112,other_coin
984,789,24.289915602982237,other_coin
985,789,24.289915602982237,other_coin
986,790,23.40939982143925,other_coin
987,790,23.40939982143925,other_coin
988,790,23.40939982143925,other_coin
989,789,26.476404589747453,other_coin
990,789,22.15851980616034,other_coin
991,789,22.15851980616034,other_coin
992,787,17.233687939614086,other_coin
993,787,17.233687939614086,other_coin
994,787,17.233687939614086,other_coin
995,788,18.275666882497067,other_coin
996,788,19.261360284258224,other_coin
997,788,20.83266665599966,other_coin
998,787,21.72556098240043,other_coin
999,787,21.72556098240043,other_coin
1000,785,19.672315572906,other_coin
1001,785,19.672315572906,other_coin
1002,785,19.672315572906,other_coin
1003,783,20.92844953645635,other_coin
1004,783,14.866068747318506,other_coin
1005,783,14.866068747318506,other_coin
1006,783,14.866068747318506,other_coin
1007,782,17.4928556845359,other_coin
1008,782,17.4928556845359,other_coin
1009,785,21.6794833886788,other_coin
1010,785,13.416407864998739,other_coin
1011,785,13.416407864998739,other_coin
1012,785,13.416407864998739,other_coin
1013,788,23.065125189341593,other_coin
1014,791,19.1049731745428,other_coin
1015,791,19.1049731745428,other_coin
1016,792,18.708286933869708,other_coin
1017,792,18.708286933869708,other_coin
1018,792,18.708286933869708,other_coin
1019,795,16.401219466856727,other_coin
1020,795,14.247806848775006,other_coin
1021,795,14.247806848775006,other_coin
1022,795,14.247806848775006,other_coin
1023,794,27.16615541441225,other_coin
1024,791,26.870057685088806,other_coin
1025,791,26.870057685088806,other_coin
1026,791,26.870057685088806,other_coin
1027,789,25.80697580112788,other_coin
1028,785,23.769728648009426,other_coin
1029,785,23.769728648009426,other_coin
1030,785,22.58317958127243,other_coin
1031,785,22.58317958127243,other_coin
1032,782,17.944358444926362,other_coin
1033,781,15.937377450509228,other_coin
1034,781,15.937377450509228,other_coin
1035,782,11.832159566199232,other_coin
1036,782,11.832159566199232,other_coin
1037,782,11.832159566199232,other_coin
1038,781,19.078784028338912,other_coin
1039,790,30.14962686336267,other_coin
1040,790,20.396078054371138,other_coin
1041,791,18.05547008526779,other_coin
1042,791,17.97220075561143,other_coin
1043,791,17.97220075561143,other_coin
1044,791,17.97220075561143,other_coin
1045,791,20.049937655763422,other_coin
1046,791,20.049937655763422,other_coin
1047,792,15.297058540778355,other_coin
1048,792,15.297058540778355,other_coin
1049,792,15.297058540778355,other_coin
1050,792,15.937377450509228,other_coin
1051,791,22.293496809607955,other_coin
1052,791,22.293496809607955,other_coin
1053,791,22.293496809607955,other_coin
1054,790,24.269322199023193,other_coin
1055,790,24.269322199023193,other_coin
1056,790,24.269322199023193,other_coin
1057,786,28.930952282978865,other_coin
1058,786,28.930952282978865,other_coin
1059,786,21.307275752662516,other_coin
1060,786,21.307275752662516,other_coin
1061,786,21.307275752662516,other_coin
1062,781,19.44222209522358,other_coin
1063,781,19.44222209522358,other_coin
1064,781,19.44222209522358,other_coin
1065,778,7.810249675906654,other_coin
1066,778,7.810249675906654,other_coin
1067,778,7.810249675906654,other_coin
1068,778,15.811388300841896,other_coin
1069,779,20.54263858417414,other_coin
1070,783,17.46424919657298,other_coin
1071,783,17.46424919657298,other_coin
1072,783,17.46424919657298,other_coin
1073,788,25.15949125081825,other_coin
1074,788,25.15949125081825,other_coin
1075,790,23.021728866442675,other_coin
1076,791,19.519221295943137,other_coin
1077,792,9.273618495495704,other_coin
1078,792,9.273618495495704,other_coin
1079,792,9.273618495495704,other_coin
1080,793,13.038404810405298,other_coin
1081,794,14.696938456699069,other_coin
1082,794,14.696938456699069,other_coin
1083,795,18.76166303929372,other_coin
1084,798,23.895606290697042,other_coin
1085,798,12.884098726725126,other_coin
1086,798,12.884098726725126,other_coin
1087,798,12.884098726725126,other_coin
1088,799,13.92838827718412,other_coin
1089,799,19.261360284258224,other_coin
1090,800,27.586228448267445,other_coin
1091,801,27.2213151776324,other_coin
1092,801,20.71231517720798,other_coin
1093,801,20.71231517720798,other_coin
1094,801,20.71231517720798,other_coin
1095,801,24.657656011875904,other_coin
1096,798,24.698178070456937,other_coin
1097,798,24.698178070456937,other_coin
1098,798,24.698178070456937,other_coin
1099,788,28.337254630609507,other_coin
1100,784,27.820855486487112,other_coin
1101,780,22.64950330581225,other_coin
1102,777,13.45362404707371,other_coin
1103,779,6.0,other_coin
1104,779,6.0,other_coin
1105,779,6.0,other_coin
1106,775,12.96148139681572,other_coin
1107,779,16.431676725154983,other_coin
1108,786,25.573423705088842,other_coin
1109,795,22.93468988235943,other_coin
1110,798,14.45683229480096,other_coin
1111,798,14.45683229480096,other_coin
1112,798,14.45683229480096,other_coin
1113,799,21.470910553583888,other_coin
1114,799,24.186773244895647,other_coin
1115,799,33.24154027718932,other_coin
1116,799,37.53664875824692,other_coin
1117,800,25.079872407968907,other_coin
1118,799,24.372115213907882,other_coin
1119,799,24.372115213907882,other_coin
1120,799,24.372115213907882,other_coin
1121,798,23.706539182259394,other_coin
1122,798,17.663521732655695,other_coin
1123,798,17.663521732655695,other_coin
1124,798,17.663521732655695,other_coin
1125,798,18.57417562100671,other_coin
1126,798,18.57417562100671,other_coin
1127,798,18.57417562100671,other_coin
1128,797,23.0,other_coin
1129,792,24.228082879171435,other_coin
1130,786,22.715633383201094,other_coin
1131,784,17.378147196982766,other_coin
1132,782,14.966629547095765,other_coin
1133,782,10.723805294763608,other_coin
1134,782,9.539392014169456,other_coin
1135,782,9.539392014169456,other_coin
1136,782,9.539392014169456,other_coin
1137,780,17.233687939614086,other_coin
1138,783,20.639767440550294,other_coin
1139,792,22.22611077089287,other_coin
1140,794,20.273134932713294,other_coin
1141,795,16.64331697709324,other_coin
1142,795,16.64331697709324,other_coin
1143,795,16.64331697709324,other_coin
1144,796,28.0178514522438,other_coin
1145,795,28.442925306655784,other_coin
1146,795,28.442925306655784,other_coin
1147,795,31.827660925679098,other_coin
1148,796,29.478805945967352,other_coin
1149,794,15.394804318340652,other_coin
1150,794,15.394804318340652,other_coin
1151,794,15.394804318340652,other_coin
1152,782,20.83266665599966,other_coin
1153,778,20.71231517720798,other_coin
1154,778,20.71231517720798,other_coin
1155,767,22.693611435820433,other_coin
1156,763,22.02271554554524,other_coin
1157,763,22.02271554554524,other_coin
1158,757,23.874672772626646,other_coin
1159,744,18.384776310850235,other_coin
1160,737,16.401219466856727,other_coin
1161,733,15.588457268119896,other_coin
1162,733,15.588457268119896,other_coin
1163,726,21.02379604162864,other_coin
1164,712,16.1245154965971,other_coin
1165,711,13.152946437965905,other_coin
1166,711,13.152946437965905,other_coin
1167,711,16.792855623746664,other_coin
1168,711,17.916472867168917,other_coin
1169,713,28.930952282978865,other_coin
1170,713,28.930952282978865,other_coin
1171,712,24.124676163629637,other_coin
1172,713,22.38302928559939,other_coin
1173,713,22.38302928559939,other_coin
1174,718,19.72308292331602,other_coin
1175,718,19.72308292331602,other_coin
1176,718,19.72308292331602,other_coin
1177,724,20.615528128088304,other_coin
1178,724,20.615528128088304,other_coin
1179,724,20.615528128088304,other_coin
1180,726,20.83266665599966,other_coin
1181,727,28.142494558940577,other_coin
1182,727,28.142494558940577,other_coin
1183,727,31.78049716414141,other_coin
1184,727,31.78049716414141,other_coin
1185,726,32.07802986469088,other_coin
1186,726,32.07802986469088,other_coin
1187,726,32.07802986469088,other_coin
1188,726,19.87460691435179,other_coin
1189,726,14.89966442575134,other_coin
1190,726,14.177446878757825,other_coin
1191,726,10.344080432788601,other_coin
1192,726,10.344080432788601,other_coin
1193,726,10.344080432788601,other_coin
1194,724,15.652475842498529,other_coin
1195,724,15.652475842498529,other_coin
1196,721,20.808652046684813,other_coin
1197,721,20.808652046684813,other_coin
1198,721,20.808652046684813,other_coin
1199,712,9.219544457292887,other_coin
1200,710,6.708203932499369,other_coin
1201,710,6.708203932499369,other_coin
1202,710,6.708203932499369,other_coin
1203,710,9.273618495495704,other_coin
1204,710,13.96424004376894,other_coin
1205,711,19.4164878389476,other_coin
1206,715,20.12461179749811,other_coin
1207,720,24.515301344262525,other_coin
1208,736,22.715633383201094,other_coin
1209,740,12.083045973594572,other_coin
1210,740,12.083045973594572,other_coin
1211,740,12.083045973594572,other_coin
1212,741,16.522711641858304,other_coin
1213,741,16.522711641858304,other_coin
1214,741,19.44222209522358,other_coin
1215,741,19.44222209522358,other_coin
1216,742,21.0,other_coin
1217,742,22.516660498395403,other_coin
1218,740,26.1725046566048,other_coin
1219,740,32.71085446759225,other_coin
1220,741,29.017236257093817,other_coin
1221,741,29.017236257093817,other_coin
1222,741,29.017236257093817,other_coin
1223,738,21.61018278497431,other_coin
1224,738,21.61018278497431,other_coin
1225,738,21.61018278497431,other_coin
1226,736,23.558437978779494,other_coin
1227,736,23.558437978779494,other_coin
1228,736,23.558437978779494,other_coin
1229,725,12.083045973594572,other_coin
1230,725,12.083045973594572,other_coin
1231,725,12.083045973594572,other_coin
1232,722,18.49324200890693,other_coin
1233,723,17.378147196982766,other_coin
1234,723,17.378147196982766,other_coin
1235,723,17.378147196982766,other_coin
1236,724,18.384776310850235,other_coin
1237,744,23.62202362203543,other_coin
1238,748,22.47220505424423,other_coin
1239,754,20.73644135332772,other_coin
1240,754,20.73644135332772,other_coin
1241,754,20.73644135332772,other_coin
1242,759,25.15949125081825,other_coin
1243,762,26.419689627245813,other_coin
1244,762,26.419689627245813,other_coin
1245,761,16.431676725154983,other_coin
1246,761,16.431676725154983,other_coin
1247,761,16.431676725154983,other_coin
1248,763,21.470910553583888,other_coin
1249,763,21.470910553583888,other_coin
1250,763,22.847319317591726,other_coin
1251,763,25.079872407968907,other_coin
1252,763,23.043437243605826,other_coin
1253,763,20.904544960366874,other_coin
1254,760,19.849433241279208,other_coin
1255,760,19.849433241279208,other_coin
1256,760,19.849433241279208,other_coin
1257,760,22.715633383201094,other_coin
1258,755,17.944358444926362,other_coin
1259,755,17.944358444926362,other_coin
1260,755,17.944358444926362,other_coin
1261,748,20.688160865577203,other_coin
1262,748,20.688160865577203,other_coin
