snapshot,date,x_pixel,chosen_x_pixel,top_y,bottom_y,total_height_px,detected_ink_rows,top_color_index,bottom_color_index,method,tier1_height_px,tier2_height_px,tier3_height_px,tier4_height_px,tier5_height_px,tier6_height_px,tier7_height_px
250410,2023-03-30,135,133,682,764,82,81,3,2,alternate_rgb_ordered_stack,0,0,26,56,,,
250410,2023-04-06,143,141,682,764,82,82,3,2,alternate_rgb_ordered_stack,0,0,26,56,,,
250410,2023-04-13,151,150,679,764,85,85,3,2,alternate_rgb_ordered_stack,0,0,26,59,,,
250410,2023-04-20,158,157,673,764,91,90,3,2,alternate_rgb_ordered_stack,0,0,25,66,,,
250410,2023-04-27,167,165,670,764,94,93,3,2,alternate_rgb_ordered_stack,0,0,27,67,,,
250410,2023-05-04,174,174,668,764,96,96,3,2,alternate_rgb_ordered_stack,0,0,27,69,,,
250410,2023-05-11,183,181,670,764,94,94,3,2,alternate_rgb_ordered_stack,0,0,27,67,,,
250410,2023-05-18,190,188,668,764,96,96,3,2,alternate_rgb_ordered_stack,0,0,27,69,,,
250410,2023-05-25,198,196,666,764,98,98,3,2,alternate_rgb_ordered_stack,0,0,30,68,,,
250410,2023-06-01,206,205,663,764,101,101,3,1,alternate_rgb_ordered_stack,0,1,31,69,,,
250410,2023-06-08,214,212,654,764,110,110,3,1,alternate_rgb_ordered_stack,0,1,35,74,,,
250410,2023-06-15,221,219,631,764,133,133,3,1,alternate_rgb_ordered_stack,0,1,31,101,,,
250410,2023-06-22,230,232,617,764,147,147,2,0,alternate_rgb_ordered_stack,35,0,112,0,,,
250410,2023-06-29,237,235,603,764,161,162,3,1,alternate_rgb_ordered_stack,0,1,36,124,,,
250410,2023-07-06,245,243,592,764,172,172,3,1,alternate_rgb_ordered_stack,0,1,37,134,,,
250410,2023-07-13,252,250,551,764,213,213,3,1,alternate_rgb_ordered_stack,0,2,61,150,,,
250410,2023-07-20,261,260,550,764,214,215,3,1,alternate_rgb_ordered_stack,0,2,63,149,,,
250410,2023-07-27,268,266,552,764,212,213,3,1,alternate_rgb_ordered_stack,0,3,64,145,,,
250410,2023-08-03,277,275,549,764,215,216,3,1,alternate_rgb_ordered_stack,0,3,68,144,,,
250410,2023-08-10,284,282,544,764,220,221,3,1,alternate_rgb_ordered_stack,0,5,69,146,,,
250410,2023-08-17,293,291,554,764,210,210,3,1,alternate_rgb_ordered_stack,0,6,66,138,,,
250410,2023-08-24,308,306,555,764,209,210,3,1,alternate_rgb_ordered_stack,0,6,73,130,,,
250410,2023-08-31,315,315,564,764,200,201,3,1,alternate_rgb_ordered_stack,0,7,70,123,,,
250410,2023-09-07,324,322,567,764,197,197,3,1,alternate_rgb_ordered_stack,0,7,70,120,,,
250410,2023-09-14,331,332,565,764,199,200,3,1,alternate_rgb_ordered_stack,0,6,68,125,,,
250410,2023-09-21,339,339,556,764,208,209,3,1,alternate_rgb_ordered_stack,0,8,75,125,,,
250410,2023-09-28,347,345,572,764,192,193,3,1,alternate_rgb_ordered_stack,0,7,67,118,,,
250410,2023-10-05,355,353,573,764,191,192,3,1,alternate_rgb_ordered_stack,0,7,66,118,,,
250410,2023-10-12,363,361,573,764,191,192,3,1,alternate_rgb_ordered_stack,0,7,69,115,,,
250410,2023-10-19,371,369,571,764,193,193,3,1,alternate_rgb_ordered_stack,0,8,75,110,,,
250410,2023-10-26,378,376,571,764,193,194,3,1,alternate_rgb_ordered_stack,0,8,77,108,,,
250410,2023-11-02,386,386,576,764,188,189,3,1,alternate_rgb_ordered_stack,0,8,74,106,,,
250410,2023-11-09,394,392,581,764,183,184,3,1,alternate_rgb_ordered_stack,0,8,72,103,,,
250410,2023-11-16,402,400,590,764,174,175,3,1,alternate_rgb_ordered_stack,0,8,71,95,,,
250410,2023-11-23,409,407,590,764,174,174,3,1,alternate_rgb_ordered_stack,0,9,76,89,,,
250410,2023-11-30,418,416,600,764,164,165,3,1,alternate_rgb_ordered_stack,0,9,71,84,,,
250410,2023-12-07,425,423,595,764,169,169,3,1,alternate_rgb_ordered_stack,0,9,74,86,,,
250410,2023-12-14,434,432,572,764,192,193,3,1,alternate_rgb_ordered_stack,0,9,76,107,,,
250410,2023-12-21,441,440,558,764,206,207,3,1,alternate_rgb_ordered_stack,0,11,80,115,,,
250410,2023-12-28,449,448,565,764,199,199,3,0,alternate_rgb_ordered_stack,1,10,79,109,,,
250410,2024-01-04,456,455,558,764,206,207,3,0,alternate_rgb_ordered_stack,1,11,83,111,,,
250410,2024-01-11,465,463,549,764,215,215,3,0,alternate_rgb_ordered_stack,1,13,89,112,,,
250410,2024-01-18,472,470,574,764,190,190,3,0,alternate_rgb_ordered_stack,1,12,83,94,,,
250410,2024-01-25,481,480,569,764,195,196,3,0,alternate_rgb_ordered_stack,1,14,88,92,,,
250410,2024-02-01,488,486,582,764,182,182,3,0,alternate_rgb_ordered_stack,1,13,83,85,,,
250410,2024-02-08,496,496,581,764,183,184,3,0,alternate_rgb_ordered_stack,1,13,83,86,,,
250410,2024-02-15,504,502,550,764,214,214,3,0,alternate_rgb_ordered_stack,1,16,99,98,,,
250410,2024-02-22,512,511,539,764,225,225,3,0,alternate_rgb_ordered_stack,1,19,106,99,,,
250410,2024-02-29,519,517,556,764,208,208,3,0,alternate_rgb_ordered_stack,1,17,97,93,,,
250410,2024-03-07,528,526,555,764,209,209,3,0,alternate_rgb_ordered_stack,1,18,99,91,,,
250410,2024-03-14,535,533,570,764,194,194,3,0,alternate_rgb_ordered_stack,2,17,94,81,,,
250410,2024-03-21,543,541,562,764,202,202,3,0,alternate_rgb_ordered_stack,3,18,100,81,,,
250410,2024-03-28,552,550,547,764,217,217,3,0,alternate_rgb_ordered_stack,3,21,111,82,,,
250410,2024-04-04,559,557,556,764,208,208,3,0,alternate_rgb_ordered_stack,3,20,104,81,,,
250410,2024-04-11,567,566,562,764,202,202,3,0,alternate_rgb_ordered_stack,2,21,97,82,,,
250410,2024-04-18,575,573,549,764,215,215,3,0,alternate_rgb_ordered_stack,2,24,104,85,,,
250410,2024-04-25,583,581,549,764,215,215,3,0,alternate_rgb_ordered_stack,2,25,104,84,,,
250410,2024-05-02,590,591,557,764,207,207,3,0,alternate_rgb_ordered_stack,2,24,102,79,,,
250410,2024-05-09,599,597,562,764,202,202,3,0,alternate_rgb_ordered_stack,2,24,99,77,,,
250410,2024-05-16,606,604,555,764,209,209,3,0,alternate_rgb_ordered_stack,3,26,102,78,,,
250410,2024-05-23,615,613,538,764,226,226,3,0,alternate_rgb_ordered_stack,3,30,113,80,,,
250410,2024-05-30,622,620,541,764,223,223,3,0,alternate_rgb_ordered_stack,3,28,110,82,,,
250410,2024-06-06,630,629,544,764,220,220,3,0,alternate_rgb_ordered_stack,3,28,107,82,,,
250410,2024-06-13,637,636,539,764,225,225,3,0,alternate_rgb_ordered_stack,3,27,101,94,,,
250410,2024-06-20,646,644,517,764,247,247,3,0,alternate_rgb_ordered_stack,3,30,111,103,,,
250410,2024-06-27,653,651,524,764,240,240,3,0,alternate_rgb_ordered_stack,3,30,108,99,,,
250410,2024-07-04,662,663,529,764,235,235,3,0,alternate_rgb_ordered_stack,3,29,108,95,,,
250410,2024-07-11,669,667,526,764,238,238,3,0,alternate_rgb_ordered_stack,3,32,111,92,,,
250410,2024-07-18,677,677,521,764,243,243,3,0,alternate_rgb_ordered_stack,3,33,112,95,,,
250410,2024-07-25,684,684,504,764,260,260,3,0,alternate_rgb_ordered_stack,4,37,123,96,,,
250410,2024-08-01,693,692,517,764,247,247,3,0,alternate_rgb_ordered_stack,4,34,119,90,,,
250410,2024-08-08,700,699,516,764,248,248,3,0,alternate_rgb_ordered_stack,4,33,117,94,,,
250410,2024-08-15,709,711,513,764,251,250,2,0,alternate_rgb_ordered_stack,158,0,93,0,,,
250410,2024-08-22,716,714,497,764,267,267,3,0,alternate_rgb_ordered_stack,4,39,129,95,,,
250410,2024-08-29,724,724,506,764,258,258,3,0,alternate_rgb_ordered_stack,4,37,125,92,,,
250410,2024-09-05,732,731,499,764,265,265,3,0,alternate_rgb_ordered_stack,5,42,128,90,,,
250410,2024-09-12,740,738,492,764,272,272,3,0,alternate_rgb_ordered_stack,7,41,131,93,,,
250410,2024-09-19,747,746,473,764,291,291,3,0,alternate_rgb_ordered_stack,7,47,141,96,,,
250410,2024-09-26,755,754,475,764,289,289,3,0,alternate_rgb_ordered_stack,8,46,140,95,,,
250410,2024-10-03,763,761,491,764,273,273,3,0,alternate_rgb_ordered_stack,7,44,132,90,,,
250410,2024-10-10,771,769,479,764,285,284,3,0,alternate_rgb_ordered_stack,8,53,142,82,,,
250410,2024-10-17,778,778,475,764,289,289,3,0,alternate_rgb_ordered_stack,9,53,144,83,,,
250410,2024-10-24,787,786,469,764,295,295,3,0,alternate_rgb_ordered_stack,9,59,148,79,,,
250410,2024-10-31,794,792,500,764,264,264,3,0,alternate_rgb_ordered_stack,8,52,131,73,,,
250410,2024-11-07,802,800,501,764,263,263,3,0,alternate_rgb_ordered_stack,9,51,131,72,,,
250410,2024-11-14,810,810,506,764,258,258,3,0,alternate_rgb_ordered_stack,9,51,130,68,,,
250410,2024-11-21,819,817,472,764,292,292,3,0,alternate_rgb_ordered_stack,10,61,149,72,,,
250410,2024-11-28,825,823,473,764,291,291,3,0,alternate_rgb_ordered_stack,10,58,146,77,,,
250410,2024-12-05,834,832,455,764,309,308,3,0,alternate_rgb_ordered_stack,12,60,156,81,,,
250410,2024-12-12,842,840,393,764,371,371,3,0,alternate_rgb_ordered_stack,15,60,158,138,,,
250410,2024-12-19,849,849,328,764,436,436,3,0,alternate_rgb_ordered_stack,20,70,180,166,,,
250410,2024-12-26,857,855,331,764,433,433,3,0,alternate_rgb_ordered_stack,20,68,189,156,,,
250410,2025-01-02,865,864,346,764,418,418,3,0,alternate_rgb_ordered_stack,20,65,191,142,,,
250410,2025-01-09,872,870,333,764,431,431,3,0,alternate_rgb_ordered_stack,22,70,207,132,,,
250410,2025-01-16,881,879,341,764,423,423,3,0,alternate_rgb_ordered_stack,24,70,209,120,,,
250410,2025-01-23,888,886,302,764,462,462,3,0,alternate_rgb_ordered_stack,26,83,233,120,,,
250410,2025-01-30,897,895,341,764,423,423,3,0,alternate_rgb_ordered_stack,25,74,215,109,,,
250410,2025-02-06,904,902,339,764,425,425,3,0,alternate_rgb_ordered_stack,25,75,218,107,,,
250410,2025-02-13,912,911,316,764,448,448,3,0,alternate_rgb_ordered_stack,26,79,230,113,,,
250410,2025-02-20,920,918,300,764,464,464,3,0,alternate_rgb_ordered_stack,28,91,236,109,,,
250410,2025-02-27,928,929,347,764,417,417,3,0,alternate_rgb_ordered_stack,26,79,212,100,,,
250410,2025-03-06,936,934,350,764,414,414,3,0,alternate_rgb_ordered_stack,26,80,213,95,,,
250410,2025-03-13,943,941,343,764,421,420,3,0,alternate_rgb_ordered_stack,30,79,219,93,,,
250410,2025-03-20,951,949,325,764,439,439,3,0,alternate_rgb_ordered_stack,33,88,230,88,,,
251016,2023-03-30,127,125,699,758,59,59,3,0,alternate_rgb_ordered_stack,20,18,18,3,0.0,0.0,
251016,2023-04-06,135,135,698,758,60,61,3,0,alternate_rgb_ordered_stack,20,18,19,3,0.0,0.0,
251016,2023-04-13,143,145,696,758,62,62,5,3,alternate_rgb_ordered_stack,0,0,0,21,19.0,22.0,
251016,2023-04-20,150,148,692,758,66,65,5,3,alternate_rgb_ordered_stack,0,0,0,23,21.0,22.0,
251016,2023-04-27,158,156,691,758,67,67,5,3,alternate_rgb_ordered_stack,0,0,0,24,21.0,22.0,
251016,2023-05-04,166,165,689,758,69,69,3,0,alternate_rgb_ordered_stack,23,21,22,3,0.0,0.0,
251016,2023-05-11,174,173,689,758,69,69,3,0,alternate_rgb_ordered_stack,23,21,22,3,0.0,0.0,
251016,2023-05-18,181,179,689,758,69,69,5,3,alternate_rgb_ordered_stack,0,0,0,24,22.0,23.0,
251016,2023-05-25,189,188,686,758,72,72,3,0,alternate_rgb_ordered_stack,24,22,22,4,0.0,0.0,
251016,2023-06-01,197,195,687,758,71,71,5,3,alternate_rgb_ordered_stack,0,0,0,24,22.0,25.0,
251016,2023-06-08,205,203,679,758,79,79,3,0,alternate_rgb_ordered_stack,27,26,23,3,0.0,0.0,
251016,2023-06-15,213,211,671,758,87,88,3,0,alternate_rgb_ordered_stack,32,28,24,3,0.0,0.0,
251016,2023-06-22,220,219,661,758,97,98,3,0,alternate_rgb_ordered_stack,37,31,26,3,0.0,0.0,
251016,2023-06-29,228,226,653,758,105,106,5,3,alternate_rgb_ordered_stack,0,0,0,42,33.0,30.0,
251016,2023-07-06,236,234,647,758,111,111,3,0,alternate_rgb_ordered_stack,44,37,28,2,0.0,0.0,
251016,2023-07-13,244,242,641,758,117,117,3,0,alternate_rgb_ordered_stack,46,38,31,2,0.0,0.0,
251016,2023-07-20,251,249,636,758,122,122,5,3,alternate_rgb_ordered_stack,0,0,0,46,41.0,35.0,
251016,2023-07-27,259,257,632,758,126,126,5,3,alternate_rgb_ordered_stack,0,0,0,46,42.0,38.0,
251016,2023-08-03,267,268,628,758,130,131,3,0,alternate_rgb_ordered_stack,46,43,38,3,0.0,0.0,
251016,2023-08-10,275,274,625,758,133,134,3,0,alternate_rgb_ordered_stack,45,44,41,3,0.0,0.0,
251016,2023-08-17,283,281,627,758,131,131,3,0,alternate_rgb_ordered_stack,43,42,42,4,0.0,0.0,
251016,2023-08-24,290,288,626,758,132,131,5,3,alternate_rgb_ordered_stack,0,0,0,44,42.0,46.0,
251016,2023-08-31,298,296,628,758,130,130,5,3,alternate_rgb_ordered_stack,0,0,0,42,42.0,46.0,
251016,2023-09-07,306,306,628,758,130,131,3,0,alternate_rgb_ordered_stack,40,42,44,4,0.0,0.0,
251016,2023-09-14,314,312,628,758,130,130,3,0,alternate_rgb_ordered_stack,39,42,45,4,0.0,0.0,
251016,2023-09-21,321,320,625,758,133,133,3,0,alternate_rgb_ordered_stack,40,42,48,3,0.0,0.0,
251016,2023-09-28,329,327,623,758,135,135,5,3,alternate_rgb_ordered_stack,0,0,0,40,42.0,53.0,
251016,2023-10-05,337,338,626,758,132,132,3,0,alternate_rgb_ordered_stack,39,40,49,4,0.0,0.0,
251016,2023-10-12,345,343,629,758,129,129,3,0,alternate_rgb_ordered_stack,37,39,49,4,0.0,0.0,
251016,2023-10-19,353,351,628,758,130,130,3,0,alternate_rgb_ordered_stack,37,39,50,4,0.0,0.0,
251016,2023-10-26,360,358,626,758,132,132,5,3,alternate_rgb_ordered_stack,0,0,0,37,41.0,54.0,
251016,2023-11-02,368,366,626,758,132,132,5,3,alternate_rgb_ordered_stack,0,0,0,37,40.0,55.0,
251016,2023-11-09,376,374,628,758,130,130,5,3,alternate_rgb_ordered_stack,0,0,0,36,39.0,55.0,
251016,2023-11-16,384,382,629,758,129,129,3,0,alternate_rgb_ordered_stack,35,39,51,4,0.0,0.0,
251016,2023-11-23,392,391,632,758,126,127,3,0,alternate_rgb_ordered_stack,33,37,51,5,0.0,0.0,
251016,2023-11-30,399,397,634,758,124,124,5,3,alternate_rgb_ordered_stack,0,0,0,33,36.0,55.0,
251016,2023-12-07,407,409,637,758,121,121,3,0,alternate_rgb_ordered_stack,32,34,50,5,0.0,0.0,
251016,2023-12-14,415,413,633,758,125,124,3,0,alternate_rgb_ordered_stack,33,37,50,5,0.0,0.0,
251016,2023-12-21,423,421,622,758,136,137,3,0,alternate_rgb_ordered_stack,38,38,55,5,0.0,0.0,
251016,2023-12-28,430,428,620,758,138,138,5,3,alternate_rgb_ordered_stack,0,0,0,39,38.0,61.0,
251016,2024-01-04,438,438,619,758,139,140,3,0,alternate_rgb_ordered_stack,38,38,57,6,0.0,0.0,
251016,2024-01-11,446,444,615,758,143,143,5,3,alternate_rgb_ordered_stack,0,0,0,39,40.0,64.0,
251016,2024-01-18,454,455,611,758,147,146,3,0,alternate_rgb_ordered_stack,38,42,61,6,0.0,0.0,
251016,2024-01-25,462,460,613,758,145,145,3,0,alternate_rgb_ordered_stack,37,40,62,6,0.0,0.0,
251016,2024-02-01,470,468,614,758,144,145,3,0,alternate_rgb_ordered_stack,36,38,63,7,0.0,0.0,
251016,2024-02-08,477,475,615,758,143,143,5,3,alternate_rgb_ordered_stack,0,0,0,35,39.0,69.0,
251016,2024-02-15,485,483,616,758,142,142,3,0,alternate_rgb_ordered_stack,34,38,63,7,0.0,0.0,
251016,2024-02-22,493,491,616,758,142,142,3,0,alternate_rgb_ordered_stack,34,37,64,7,0.0,0.0,
251016,2024-02-29,500,498,614,758,144,143,5,3,alternate_rgb_ordered_stack,0,0,0,34,38.0,72.0,
251016,2024-03-07,509,507,615,758,143,144,3,0,alternate_rgb_ordered_stack,32,38,66,7,0.0,0.0,
251016,2024-03-14,516,516,614,758,144,145,3,0,alternate_rgb_ordered_stack,32,38,66,8,0.0,0.0,
251016,2024-03-21,524,524,621,758,137,138,3,0,alternate_rgb_ordered_stack,30,36,64,7,0.0,0.0,
251016,2024-03-28,532,530,623,758,135,135,3,0,alternate_rgb_ordered_stack,29,34,64,8,0.0,0.0,
251016,2024-04-04,540,539,623,758,135,135,3,0,alternate_rgb_ordered_stack,28,34,65,8,0.0,0.0,
251016,2024-04-11,548,547,623,758,135,135,3,0,alternate_rgb_ordered_stack,28,33,66,8,0.0,0.0,
251016,2024-04-18,555,555,617,758,141,141,4,0,alternate_rgb_ordered_stack,29,34,67,8,3.0,0.0,
251016,2024-04-25,563,561,615,758,143,143,4,0,alternate_rgb_ordered_stack,29,35,69,7,3.0,0.0,
251016,2024-05-02,571,569,613,758,145,145,4,0,alternate_rgb_ordered_stack,29,34,71,9,2.0,0.0,
251016,2024-05-09,579,578,613,758,145,145,4,0,alternate_rgb_ordered_stack,29,34,71,8,3.0,0.0,
251016,2024-05-16,586,584,615,758,143,143,5,3,alternate_rgb_ordered_stack,0,0,0,29,33.0,81.0,
251016,2024-05-23,594,592,612,758,146,146,4,0,alternate_rgb_ordered_stack,28,34,72,9,3.0,0.0,
251016,2024-05-30,602,600,610,758,148,148,4,0,alternate_rgb_ordered_stack,29,33,73,10,3.0,0.0,
251016,2024-06-06,610,609,605,758,153,153,4,0,alternate_rgb_ordered_stack,30,35,75,9,4.0,0.0,
251016,2024-06-13,617,615,603,758,155,155,4,0,alternate_rgb_ordered_stack,30,36,75,9,5.0,0.0,
251016,2024-06-20,625,625,595,758,163,164,4,0,alternate_rgb_ordered_stack,36,41,73,8,5.0,0.0,
251016,2024-06-27,633,632,585,758,173,174,4,0,alternate_rgb_ordered_stack,39,45,76,8,5.0,0.0,
251016,2024-07-04,641,639,585,758,173,173,4,0,alternate_rgb_ordered_stack,38,46,76,9,4.0,0.0,
251016,2024-07-11,649,647,584,758,174,175,4,0,alternate_rgb_ordered_stack,37,47,77,9,4.0,0.0,
251016,2024-07-18,656,654,581,758,177,177,5,3,alternate_rgb_ordered_stack,0,0,0,32,50.0,95.0,
251016,2024-07-25,664,665,577,758,181,181,4,0,alternate_rgb_ordered_stack,31,51,84,9,6.0,0.0,
251016,2024-08-01,672,670,574,758,184,183,3,0,alternate_rgb_ordered_stack,30,51,86,17,0.0,0.0,
251016,2024-08-08,680,678,576,758,182,181,4,0,alternate_rgb_ordered_stack,30,50,86,10,6.0,0.0,
251016,2024-08-15,688,686,576,758,182,182,4,0,alternate_rgb_ordered_stack,30,52,86,10,4.0,0.0,
251016,2024-08-22,695,693,575,758,183,183,4,0,alternate_rgb_ordered_stack,30,51,87,11,4.0,0.0,
251016,2024-08-29,703,701,572,758,186,185,3,0,alternate_rgb_ordered_stack,29,51,88,18,0.0,0.0,
251016,2024-09-05,711,709,568,758,190,188,3,0,alternate_rgb_ordered_stack,30,51,91,18,0.0,0.0,
251016,2024-09-12,719,719,560,758,198,197,4,0,alternate_rgb_ordered_stack,30,54,97,11,6.0,0.0,
251016,2024-09-19,726,725,556,758,202,202,4,0,alternate_rgb_ordered_stack,30,57,98,11,6.0,0.0,
251016,2024-09-26,734,735,550,758,208,207,4,0,alternate_rgb_ordered_stack,30,58,100,12,8.0,0.0,
251016,2024-10-03,742,740,546,758,212,211,4,0,alternate_rgb_ordered_stack,30,59,103,12,8.0,0.0,
251016,2024-10-10,750,748,549,758,209,209,4,0,alternate_rgb_ordered_stack,29,58,104,12,6.0,0.0,
251016,2024-10-17,757,755,560,758,198,196,5,3,alternate_rgb_ordered_stack,0,0,0,28,52.0,118.0,
251016,2024-10-24,765,764,563,758,195,195,4,0,alternate_rgb_ordered_stack,27,50,100,12,6.0,0.0,
251016,2024-10-31,773,772,569,758,189,188,4,0,alternate_rgb_ordered_stack,24,45,99,12,9.0,0.0,
251016,2024-11-07,781,779,572,758,186,184,4,0,alternate_rgb_ordered_stack,24,44,98,12,8.0,0.0,
251016,2024-11-14,789,787,571,758,187,186,4,0,alternate_rgb_ordered_stack,24,44,99,12,8.0,0.0,
251016,2024-11-21,796,794,574,758,184,182,4,0,alternate_rgb_ordered_stack,23,43,98,12,8.0,0.0,
251016,2024-11-28,804,803,571,758,187,187,4,0,alternate_rgb_ordered_stack,23,43,100,12,9.0,0.0,
251016,2024-12-05,812,812,560,758,198,198,4,0,alternate_rgb_ordered_stack,26,47,103,13,9.0,0.0,
251016,2024-12-12,820,818,555,758,203,203,4,0,alternate_rgb_ordered_stack,27,50,107,13,6.0,0.0,
251016,2024-12-19,827,825,512,758,246,244,5,3,alternate_rgb_ordered_stack,0,0,0,42,68.0,136.0,
251016,2024-12-26,835,833,490,758,268,267,4,0,alternate_rgb_ordered_stack,44,79,122,13,10.0,0.0,
251016,2025-01-02,843,841,482,758,276,276,4,0,alternate_rgb_ordered_stack,43,81,127,14,11.0,0.0,
251016,2025-01-09,851,849,480,758,278,278,4,0,alternate_rgb_ordered_stack,40,81,132,15,10.0,0.0,
251016,2025-01-16,859,857,477,758,281,281,4,0,alternate_rgb_ordered_stack,34,82,139,15,11.0,0.0,
251016,2025-01-23,866,864,477,758,281,281,5,3,alternate_rgb_ordered_stack,0,0,0,33,79.0,169.0,
251016,2025-01-30,874,872,472,758,286,287,5,0,alternate_rgb_ordered_stack,32,78,146,17,8.0,5.0,
251016,2025-02-06,882,880,472,758,286,286,5,0,alternate_rgb_ordered_stack,31,77,149,16,9.0,4.0,
251016,2025-02-13,890,889,470,758,288,289,4,0,alternate_rgb_ordered_stack,30,76,152,16,14.0,0.0,
251016,2025-02-20,897,895,463,758,295,295,5,3,alternate_rgb_ordered_stack,0,0,0,32,79.0,184.0,
251016,2025-02-27,905,904,469,758,289,289,5,0,alternate_rgb_ordered_stack,30,76,152,17,8.0,6.0,
251016,2025-03-06,913,912,476,758,282,282,5,0,alternate_rgb_ordered_stack,28,72,150,17,9.0,6.0,
251016,2025-03-13,921,921,476,758,282,282,5,0,alternate_rgb_ordered_stack,27,71,152,17,9.0,6.0,
251016,2025-03-20,929,928,472,758,286,286,5,0,alternate_rgb_ordered_stack,26,71,157,16,9.0,7.0,
251016,2025-03-27,936,934,473,758,285,284,5,3,alternate_rgb_ordered_stack,0,0,0,26,69.0,190.0,
251016,2025-04-03,944,942,473,758,285,431,5,0,alternate_rgb_ordered_stack,24,68,157,18,10.0,8.0,
251016,2025-04-10,952,953,475,758,283,414,5,0,alternate_rgb_ordered_stack,23,66,159,18,10.0,7.0,
251016,2025-04-17,960,960,495,757,262,262,-1,-1,event_dash_adjacent_stack,18,51,130,25,38.0,0.0,
251016,2025-04-24,968,966,534,758,224,224,5,0,alternate_rgb_ordered_stack,18,42,113,26,15.0,10.0,
251016,2025-05-01,976,974,523,758,235,235,5,0,alternate_rgb_ordered_stack,18,42,113,27,16.0,19.0,
251016,2025-05-08,983,985,531,758,227,226,5,0,alternate_rgb_ordered_stack,18,38,112,27,17.0,15.0,
251016,2025-05-15,991,991,533,758,225,225,5,0,alternate_rgb_ordered_stack,17,37,112,27,17.0,15.0,
251016,2025-05-22,999,997,535,758,223,223,5,0,alternate_rgb_ordered_stack,17,36,112,28,17.0,13.0,
251016,2025-05-29,1007,1005,525,758,233,233,5,0,alternate_rgb_ordered_stack,17,37,113,29,18.0,19.0,
251016,2025-06-05,1015,1014,507,758,251,323,5,0,alternate_rgb_ordered_stack,20,41,120,30,19.0,21.0,
251016,2025-06-12,1022,1020,501,758,257,316,5,0,alternate_rgb_ordered_stack,22,44,123,32,19.0,17.0,
251016,2025-06-19,1030,1031,439,757,318,318,-1,-1,event_dash_adjacent_stack,44,77,135,29,16.0,17.0,
251016,2025-06-26,1038,1036,389,758,369,369,5,0,alternate_rgb_ordered_stack,43,92,170,32,17.0,15.0,
251016,2025-07-03,1046,1044,364,758,394,395,5,0,alternate_rgb_ordered_stack,41,89,196,33,19.0,16.0,
251016,2025-07-10,1053,1053,349,758,409,410,5,0,alternate_rgb_ordered_stack,38,87,217,34,18.0,15.0,
251016,2025-07-17,1061,1059,317,758,441,441,5,0,alternate_rgb_ordered_stack,36,82,242,38,20.0,23.0,
251016,2025-07-24,1069,1067,315,758,443,442,5,0,alternate_rgb_ordered_stack,33,75,254,42,21.0,18.0,
251016,2025-07-31,1077,1075,302,758,456,456,5,0,alternate_rgb_ordered_stack,32,70,261,46,22.0,25.0,
251016,2025-08-07,1085,1083,307,758,451,451,5,0,alternate_rgb_ordered_stack,29,66,266,50,22.0,18.0,
251016,2025-08-14,1092,1090,304,758,454,453,5,0,alternate_rgb_ordered_stack,28,62,269,53,24.0,18.0,
251016,2025-08-21,1100,1099,285,758,473,473,5,0,alternate_rgb_ordered_stack,25,60,271,66,30.0,21.0,
251016,2025-08-28,1108,1106,278,758,480,480,5,0,alternate_rgb_ordered_stack,24,58,265,72,33.0,28.0,
251016,2025-09-04,1116,1114,276,758,482,481,5,0,alternate_rgb_ordered_stack,23,55,261,76,35.0,32.0,
251016,2025-09-11,1123,1121,287,758,471,471,5,0,alternate_rgb_ordered_stack,22,52,255,80,37.0,25.0,
251016,2025-09-18,1131,1129,286,758,472,472,5,0,alternate_rgb_ordered_stack,21,49,252,84,41.0,25.0,
251016,2025-09-25,1139,1138,313,758,445,445,5,0,alternate_rgb_ordered_stack,19,47,234,79,40.0,26.0,
251016,2025-10-02,1147,1145,315,758,443,443,5,0,alternate_rgb_ordered_stack,19,44,225,80,42.0,33.0,
260910,2024-08-22,141,139,610,666,56,56,6,3,alternate_rgb_ordered_stack,0,0,0,25,0.0,0.0,31.0
260910,2024-08-29,148,146,610,666,56,56,3,0,alternate_rgb_ordered_stack,25,26,0,5,0.0,0.0,0.0
260910,2024-09-05,154,152,609,666,57,57,6,3,alternate_rgb_ordered_stack,0,0,0,25,0.0,0.0,32.0
260910,2024-09-12,160,158,606,666,60,59,6,3,alternate_rgb_ordered_stack,0,0,0,26,0.0,0.0,34.0
260910,2024-09-19,167,165,604,666,62,62,6,3,alternate_rgb_ordered_stack,0,0,0,27,0.0,0.0,35.0
260910,2024-09-26,173,172,603,666,63,63,3,0,alternate_rgb_ordered_stack,27,31,3,2,0.0,0.0,0.0
260910,2024-10-03,180,178,602,666,64,64,6,0,alternate_rgb_ordered_stack,25,0,0,3,32.0,3.0,1.0
260910,2024-10-10,186,184,602,666,64,64,6,3,alternate_rgb_ordered_stack,0,0,0,28,0.0,0.0,36.0
260910,2024-10-17,193,191,606,666,60,60,6,0,alternate_rgb_ordered_stack,23,0,0,2,31.0,2.0,2.0
260910,2024-10-24,199,197,607,666,59,59,6,3,alternate_rgb_ordered_stack,0,0,0,24,0.0,0.0,35.0
260910,2024-10-31,206,205,609,666,57,57,3,0,alternate_rgb_ordered_stack,22,30,3,2,0.0,0.0,0.0
260910,2024-11-07,212,210,610,666,56,55,6,3,alternate_rgb_ordered_stack,0,0,0,21,0.0,0.0,35.0
260910,2024-11-14,219,217,610,666,56,56,3,0,alternate_rgb_ordered_stack,21,30,3,2,0.0,0.0,0.0
260910,2024-11-21,225,224,610,666,56,56,3,0,alternate_rgb_ordered_stack,21,30,2,3,0.0,0.0,0.0
260910,2024-11-28,232,230,610,666,56,56,3,0,alternate_rgb_ordered_stack,21,30,3,2,0.0,0.0,0.0
260910,2024-12-05,238,237,606,666,60,60,3,0,alternate_rgb_ordered_stack,23,31,4,2,0.0,0.0,0.0
260910,2024-12-12,245,243,604,666,62,62,3,0,alternate_rgb_ordered_stack,24,33,3,2,0.0,0.0,0.0
260910,2024-12-19,251,249,591,666,75,75,6,3,alternate_rgb_ordered_stack,0,0,0,34,36.0,3.0,2.0
260910,2024-12-26,258,256,585,666,81,81,3,0,alternate_rgb_ordered_stack,38,37,4,2,0.0,0.0,0.0
260910,2025-01-02,264,262,583,666,83,83,6,0,alternate_rgb_ordered_stack,37,0,0,2,39.0,3.0,2.0
260910,2025-01-09,270,268,582,666,84,84,6,3,alternate_rgb_ordered_stack,0,0,0,38,0.0,0.0,46.0
260910,2025-01-16,277,275,581,666,85,85,3,0,alternate_rgb_ordered_stack,36,43,3,3,0.0,0.0,0.0
260910,2025-01-23,283,284,581,666,85,85,3,0,alternate_rgb_ordered_stack,34,44,4,3,0.0,0.0,0.0
260910,2025-01-30,290,288,580,666,86,86,3,0,alternate_rgb_ordered_stack,34,45,4,3,0.0,0.0,0.0
260910,2025-02-06,296,294,580,666,86,86,6,3,alternate_rgb_ordered_stack,0,0,0,33,0.0,0.0,53.0
260910,2025-02-13,302,301,579,666,87,87,3,0,alternate_rgb_ordered_stack,33,47,4,3,0.0,0.0,0.0
260910,2025-02-20,309,307,577,666,89,89,6,3,alternate_rgb_ordered_stack,0,0,0,35,47.0,4.0,3.0
260910,2025-02-27,315,314,579,666,87,87,3,0,alternate_rgb_ordered_stack,33,46,5,3,0.0,0.0,0.0
260910,2025-03-06,322,320,582,666,84,84,6,3,alternate_rgb_ordered_stack,0,0,0,31,47.0,4.0,2.0
260910,2025-03-13,328,327,581,666,85,85,3,0,alternate_rgb_ordered_stack,30,47,5,3,0.0,0.0,0.0
260910,2025-03-20,335,333,580,666,86,86,6,0,alternate_rgb_ordered_stack,28,0,0,2,49.0,4.0,3.0
260910,2025-03-27,341,341,580,666,86,86,3,0,alternate_rgb_ordered_stack,30,48,4,4,0.0,0.0,0.0
260910,2025-04-03,348,346,581,666,85,85,3,0,alternate_rgb_ordered_stack,28,49,4,4,0.0,0.0,0.0
260910,2025-04-10,354,353,581,666,85,85,3,0,alternate_rgb_ordered_stack,28,48,6,3,0.0,0.0,0.0
260910,2025-04-17,361,360,591,666,75,75,3,0,alternate_rgb_ordered_stack,21,41,7,6,0.0,0.0,0.0
260910,2025-04-24,367,366,599,666,67,67,3,0,alternate_rgb_ordered_stack,19,34,8,6,0.0,0.0,0.0
260910,2025-05-01,374,373,597,666,69,69,3,0,alternate_rgb_ordered_stack,19,34,8,8,0.0,0.0,0.0
260910,2025-05-08,380,380,598,666,68,81,3,0,alternate_rgb_ordered_stack,18,34,7,9,0.0,0.0,0.0
260910,2025-05-15,387,385,598,666,68,78,3,0,alternate_rgb_ordered_stack,17,34,9,8,0.0,0.0,0.0
260910,2025-05-22,393,391,598,666,68,81,6,3,alternate_rgb_ordered_stack,0,0,0,17,35.0,7.0,9.0
260910,2025-05-29,400,399,596,666,70,83,3,0,alternate_rgb_ordered_stack,17,35,8,10,0.0,0.0,0.0
260910,2025-06-05,406,404,592,666,74,86,6,0,alternate_rgb_ordered_stack,17,0,0,3,37.0,8.0,9.0
260910,2025-06-12,412,412,588,666,78,92,3,0,alternate_rgb_ordered_stack,21,38,9,10,0.0,0.0,0.0
260910,2025-06-19,419,421,568,666,98,110,6,3,alternate_rgb_ordered_stack,0,0,0,38,0.0,0.0,60.0
260910,2025-06-26,426,425,553,666,113,125,3,0,alternate_rgb_ordered_stack,42,52,8,11,0.0,0.0,0.0
260910,2025-07-03,432,431,546,666,120,134,3,0,alternate_rgb_ordered_stack,40,60,10,10,0.0,0.0,0.0
260910,2025-07-10,438,436,542,666,124,137,6,3,alternate_rgb_ordered_stack,0,0,0,39,66.0,10.0,9.0
260910,2025-07-17,444,443,534,666,132,145,3,0,alternate_rgb_ordered_stack,36,75,10,11,0.0,0.0,0.0
260910,2025-07-24,451,449,532,666,134,147,6,3,alternate_rgb_ordered_stack,0,0,0,34,78.0,11.0,11.0
260910,2025-07-31,457,455,530,666,136,145,6,3,alternate_rgb_ordered_stack,0,0,0,32,0.0,0.0,104.0
260910,2025-08-07,464,463,529,666,137,149,3,0,alternate_rgb_ordered_stack,30,81,14,12,0.0,0.0,0.0
260910,2025-08-14,470,468,528,666,138,149,6,3,alternate_rgb_ordered_stack,0,0,0,28,0.0,0.0,110.0
260910,2025-08-21,477,475,522,666,144,145,3,0,alternate_rgb_ordered_stack,27,82,18,17,0.0,0.0,0.0
260910,2025-08-28,483,482,521,666,145,144,3,0,alternate_rgb_ordered_stack,26,81,21,17,0.0,0.0,0.0
260910,2025-09-04,490,488,522,666,144,143,3,0,alternate_rgb_ordered_stack,25,79,22,18,0.0,0.0,0.0
260910,2025-09-11,496,494,523,666,143,140,6,3,alternate_rgb_ordered_stack,0,0,0,24,78.0,22.0,19.0
260910,2025-09-18,503,501,522,666,144,144,3,0,alternate_rgb_ordered_stack,22,77,24,21,0.0,0.0,0.0
260910,2025-09-25,509,507,531,666,135,135,6,3,alternate_rgb_ordered_stack,0,0,0,21,72.0,22.0,20.0
260910,2025-10-02,516,514,534,666,132,132,3,0,alternate_rgb_ordered_stack,20,69,23,20,0.0,0.0,0.0
260910,2025-10-09,522,520,534,666,132,131,6,3,alternate_rgb_ordered_stack,0,0,0,20,68.0,23.0,21.0
260910,2025-10-16,529,527,537,666,129,129,3,0,alternate_rgb_ordered_stack,18,65,24,22,0.0,0.0,0.0
260910,2025-10-23,535,533,557,666,109,109,6,0,alternate_rgb_ordered_stack,15,47,21,21,0.0,4.0,1.0
260910,2025-10-30,541,539,563,666,103,103,6,3,alternate_rgb_ordered_stack,0,0,0,15,41.0,21.0,26.0
260910,2025-11-06,548,546,564,666,102,102,3,0,alternate_rgb_ordered_stack,14,39,20,29,0.0,0.0,0.0
260910,2025-11-13,554,554,563,666,103,103,6,0,alternate_rgb_ordered_stack,14,39,21,18,3.0,6.0,2.0
260910,2025-11-20,560,558,566,666,100,99,3,3,alternate_rgb_ordered_stack,0,0,0,100,0.0,0.0,0.0
260910,2025-11-27,567,567,572,666,94,94,6,0,alternate_rgb_ordered_stack,12,34,20,17,3.0,6.0,2.0
260910,2025-12-04,574,576,572,666,94,94,6,3,alternate_rgb_ordered_stack,0,0,0,12,35.0,18.0,29.0
260910,2025-12-11,580,578,570,666,96,96,6,3,alternate_rgb_ordered_stack,0,0,0,12,36.0,19.0,29.0
260910,2025-12-18,586,585,564,666,102,102,6,0,alternate_rgb_ordered_stack,18,34,19,19,4.0,6.0,2.0
260910,2025-12-25,593,595,557,666,109,109,6,0,alternate_rgb_ordered_stack,19,38,19,21,4.0,6.0,2.0
260910,2026-01-01,599,598,555,666,111,111,6,0,alternate_rgb_ordered_stack,18,40,21,20,4.0,6.0,2.0
260910,2026-01-08,606,605,554,666,112,112,6,0,alternate_rgb_ordered_stack,17,41,21,20,4.0,7.0,2.0
260910,2026-01-15,612,610,549,666,117,117,6,3,alternate_rgb_ordered_stack,0,0,0,16,43.0,20.0,38.0
260910,2026-01-22,619,617,547,666,119,119,6,0,alternate_rgb_ordered_stack,15,42,23,22,5.0,11.0,1.0
260910,2026-01-29,625,623,546,666,120,120,6,0,alternate_rgb_ordered_stack,14,42,23,23,6.0,10.0,2.0
260910,2026-02-05,632,630,544,666,122,122,6,0,alternate_rgb_ordered_stack,14,41,24,23,6.0,12.0,2.0
260910,2026-02-12,638,636,542,666,124,124,6,0,alternate_rgb_ordered_stack,14,41,23,25,7.0,12.0,2.0
260910,2026-02-19,645,643,540,666,126,126,6,0,alternate_rgb_ordered_stack,13,41,25,24,8.0,14.0,1.0
260910,2026-02-26,651,649,539,666,127,140,6,0,alternate_rgb_ordered_stack,13,41,25,25,8.0,14.0,1.0
260910,2026-03-05,657,655,538,666,128,141,6,3,alternate_rgb_ordered_stack,0,0,0,13,40.0,26.0,49.0
260910,2026-03-12,664,662,535,666,131,142,6,0,alternate_rgb_ordered_stack,13,41,26,26,9.0,15.0,1.0
260910,2026-03-19,670,668,523,666,143,156,3,3,alternate_rgb_ordered_stack,0,0,0,143,0.0,0.0,0.0
260910,2026-03-26,677,675,523,666,143,157,6,0,alternate_rgb_ordered_stack,14,43,30,29,9.0,17.0,1.0
260910,2026-04-02,683,683,521,666,145,159,6,0,alternate_rgb_ordered_stack,14,42,31,28,10.0,19.0,1.0
260910,2026-04-09,690,688,519,666,147,161,6,0,alternate_rgb_ordered_stack,14,42,31,31,9.0,19.0,1.0
260910,2026-04-16,696,695,516,666,150,162,6,0,alternate_rgb_ordered_stack,13,42,33,29,10.0,21.0,2.0
260910,2026-04-23,703,701,516,666,150,164,6,0,alternate_rgb_ordered_stack,12,41,31,31,10.0,22.0,3.0
260910,2026-04-30,709,707,513,666,153,167,6,0,alternate_rgb_ordered_stack,12,40,31,33,11.0,22.0,4.0
260910,2026-05-07,716,714,511,666,155,166,6,0,alternate_rgb_ordered_stack,12,40,32,33,11.0,24.0,3.0
260910,2026-05-14,722,720,509,666,157,171,6,0,alternate_rgb_ordered_stack,12,40,31,34,11.0,25.0,4.0
260910,2026-05-21,728,726,507,666,159,173,6,3,alternate_rgb_ordered_stack,0,0,0,119,11.0,25.0,4.0
260910,2026-05-28,735,733,502,666,164,178,6,0,alternate_rgb_ordered_stack,12,41,33,35,12.0,27.0,4.0
260910,2026-06-04,741,739,500,666,166,180,6,0,alternate_rgb_ordered_stack,12,41,31,38,12.0,27.0,5.0
260910,2026-06-11,748,746,494,666,172,186,6,0,alternate_rgb_ordered_stack,12,43,34,37,13.0,29.0,4.0
260910,2026-06-18,754,755,456,666,210,238,6,0,alternate_rgb_ordered_stack,24,59,37,39,14.0,30.0,7.0
260910,2026-06-25,761,761,434,666,232,232,6,0,alternate_rgb_ordered_stack,21,76,46,40,14.0,30.0,5.0
260910,2026-07-02,767,765,420,666,246,260,6,0,alternate_rgb_ordered_stack,19,81,54,44,13.0,30.0,5.0
260910,2026-07-09,774,772,409,666,257,269,6,0,alternate_rgb_ordered_stack,17,84,61,44,14.0,33.0,4.0
260910,2026-07-16,780,778,400,666,266,279,6,0,alternate_rgb_ordered_stack,16,86,65,48,14.0,33.0,4.0
260910,2026-07-23,787,786,388,666,278,278,6,0,alternate_rgb_ordered_stack,14,87,72,49,15.0,35.0,6.0
260910,2026-07-30,793,791,379,666,287,300,6,0,alternate_rgb_ordered_stack,14,86,76,53,16.0,36.0,6.0
260910,2026-08-06,799,798,370,666,296,309,6,0,alternate_rgb_ordered_stack,13,86,80,57,16.0,38.0,6.0
260910,2026-08-13,806,808,357,666,309,319,6,0,alternate_rgb_ordered_stack,12,86,80,64,17.0,40.0,10.0
260910,2026-08-20,812,813,342,666,324,324,6,0,alternate_rgb_ordered_stack,11,81,79,78,20.0,42.0,13.0
