x_pixel,date,field_y_v2,azmoth_y_v2,read_total_v2,field_y_v1,azmoth_y_v1,read_total_v1
368,2022-12-25T19:40:17.631806383,769,710,86.26321402686465,703,710,116.7090542716404
371,2022-12-28T15:11:27.640449425,770,710,87.1858152464033,770,710,87.1858152464033
374,2022-12-31T10:42:37.649092467,770,710,88.56971707571128,698,710,121.78336097910302
377,2023-01-03T06:13:47.657735509,770,710,89.03101768548062,770,710,89.03101768548062
380,2023-01-06T01:44:57.666378552,770,710,88.56971707571128,770,710,88.56971707571128
383,2023-01-08T21:16:07.675021594,770,710,89.03101768548062,770,710,89.03101768548062
386,2023-01-11T16:47:17.683664636,769,710,90.87622012455793,769,710,90.87622012455792
389,2023-01-14T12:18:27.692307679,769,710,91.33752073432727,769,710,91.33752073432728
392,2023-01-17T07:49:37.700950721,769,710,90.87622012455793,769,776,90.87622012455792
395,2023-01-20T03:20:47.709593763,768,710,90.41491951478861,768,776,90.4149195147886
398,2023-01-22T22:51:57.718236805,767,710,91.33752073432727,767,777,91.33752073432728
401,2023-01-25T18:23:07.726879848,765,758,92.72142256363526,765,758,92.72142256363526
404,2023-01-28T13:54:17.735522890,763,710,93.64402378317392,691,710,126.85766768656563
407,2023-01-31T09:25:27.744165933,762,710,94.56662500271257,762,710,94.56662500271256
410,2023-02-02T23:49:12.808988751,762,710,94.56662500271257,762,710,94.56662500271256
413,2023-02-05T12:48:19.913569564,764,710,92.72142256363526,764,710,92.72142256363526
416,2023-02-08T01:47:27.018150376,770,710,88.56971707571128,691,710,125.01246524748834
419,2023-02-10T14:46:34.122731188,773,710,86.72451463663397,693,710,123.62856341818032
422,2023-02-13T03:45:41.227312001,774,710,84.87931219755666,774,710,84.87931219755666
425,2023-02-15T16:44:48.331892813,775,710,82.57280914871001,775,768,82.57280914871001
428,2023-02-18T05:43:55.436473625,775,710,82.11150853894067,775,768,82.11150853894067
431,2023-02-20T18:43:02.541054438,776,710,83.49541036824866,776,710,83.49541036824866
434,2023-02-23T07:42:09.645635250,776,710,84.41801158778732,776,710,84.41801158778732
437,2023-02-25T20:41:16.750216063,775,710,83.49541036824866,699,711,118.55425671071772
440,2023-02-28T09:40:23.854796875,775,710,80.72760670963268,702,710,114.40255122279376
443,2023-03-03T03:39:27.847882440,776,710,79.80500549009403,776,710,79.80500549009403
446,2023-03-05T23:10:37.856525482,776,710,77.03720183147804,776,710,77.03720183147804
449,2023-03-08T18:41:47.865168524,777,710,76.1146006119394,777,788,76.1146006119394
452,2023-03-11T14:12:57.873811567,782,710,72.42419573378476,782,732,72.42419573378476
455,2023-03-14T09:44:07.882454609,786,710,68.27249024586078,786,792,68.27249024586078
458,2023-03-17T05:15:17.891097652,787,710,67.34988902632213,787,714,67.34988902632213
461,2023-03-20T00:46:27.899740694,787,710,66.42728780678347,787,718,66.42728780678347
464,2023-03-22T20:17:37.908383736,787,710,65.04338597747548,787,718,65.04338597747548
467,2023-03-25T15:48:47.917026778,787,710,65.04338597747548,787,710,65.04338597747548
470,2023-03-28T11:19:57.925669821,787,710,64.58208536770614,787,710,64.58208536770614
473,2023-03-31T06:51:07.934312863,786,710,65.04338597747548,786,710,65.04338597747548
476,2023-04-03T00:44:48.331892812,786,710,64.58208536770614,786,735,64.58208536770614
479,2023-04-05T18:05:17.372515111,783,710,65.5046865872448,726,734,91.7988213440966
482,2023-04-08T11:25:46.413137409,783,710,65.96598719701414,783,722,65.96598719701414
485,2023-04-11T04:46:15.453759708,782,710,66.42728780678347,782,721,66.42728780678347
488,2023-04-13T22:06:44.494382008,782,710,67.34988902632213,782,733,67.34988902632213
491,2023-04-16T15:27:13.535004307,781,710,68.27249024586078,781,730,68.27249024586078
494,2023-04-19T08:47:42.575626606,780,710,70.1176926849381,780,732,70.1176926849381
497,2023-04-22T02:08:11.616248904,780,710,72.42419573378476,718,771,101.02483353948318
500,2023-04-24T19:28:40.656871203,780,710,73.80809756309274,780,710,73.80809756309274
503,2023-04-27T12:49:09.697493502,779,710,74.73069878263139,715,710,104.2539378078685
506,2023-04-30T06:09:38.738115802,778,710,75.65330000217006,778,710,75.65330000217006
509,2023-05-03T01:05:08.038029371,778,710,75.65330000217006,778,718,75.65330000217006
512,2023-05-05T20:36:18.046672413,778,710,75.65330000217006,778,718,75.65330000217006
515,2023-05-08T16:07:28.055315455,778,710,75.65330000217006,778,710,75.65330000217006
518,2023-05-11T11:38:38.063958497,778,710,75.19199939240073,778,710,75.19199939240073
521,2023-05-14T07:09:48.072601539,778,710,75.19199939240073,778,710,75.19199939240073
524,2023-05-17T02:40:58.081244581,778,710,75.65330000217006,778,710,75.65330000217006
527,2023-05-19T22:12:08.089887623,778,710,75.65330000217006,778,783,75.65330000217006
530,2023-05-22T17:43:18.098530667,777,710,77.03720183147804,777,782,77.03720183147804
533,2023-05-25T13:14:28.107173710,775,710,77.9598030510167,775,718,77.9598030510167
536,2023-05-28T08:45:38.115816752,775,710,79.3437048803247,775,719,79.3437048803247
539,2023-05-31T04:16:48.124459794,776,710,79.3437048803247,776,782,79.3437048803247
542,2023-06-02T22:15:27.225583390,776,710,80.26630609986336,776,713,80.26630609986336
545,2023-06-05T15:35:56.266205688,773,710,84.87931219755666,773,710,84.87931219755666
548,2023-06-08T08:56:25.306827987,769,710,88.10841646594196,769,710,88.10841646594196
551,2023-06-11T02:16:54.347450286,762,753,94.56662500271257,694,753,125.935066467027
554,2023-06-13T19:37:23.388072585,758,710,98.25702988086721,685,782,131.9319743940283
557,2023-06-16T12:57:52.428694884,753,710,106.56044085671515,681,777,139.7740847601069
560,2023-06-19T06:18:21.469317185,752,710,108.40564329579246,671,776,145.77099268710816
563,2023-06-21T23:38:50.509939483,750,710,112.55734878371644,666,710,151.3066000043401
566,2023-06-24T16:59:19.550561783,748,758,116.7090542716404,748,758,116.7090542716404
569,2023-06-27T10:19:48.591184081,746,710,120.86075975956436,746,742,120.86075975956436
572,2023-06-30T03:40:17.631806380,746,710,122.70596219864169,746,710,122.70596219864169
575,2023-07-02T22:30:48.228176301,743,710,125.93506646702699,743,710,125.935066467027
578,2023-07-05T18:01:58.236819343,740,710,130.08677195495096,740,710,130.08677195495096
581,2023-07-08T13:33:08.245462385,731,746,137.46758171126024,731,746,137.46758171126024
584,2023-07-11T09:04:18.254105427,699,710,153.15180244341744,699,736,153.15180244341744
587,2023-07-14T04:35:28.262748469,678,750,165.14561829742001,678,721,165.14561829742
590,2023-07-17T00:06:38.271391512,679,710,167.45212134626667,679,710,167.4521213462667
593,2023-07-19T19:37:48.280034556,680,710,166.9908207364973,680,710,166.9908207364973
596,2023-07-22T15:08:58.288677598,682,710,167.913421956036,682,710,167.913421956036
599,2023-07-25T10:40:08.297320640,686,710,167.913421956036,686,710,167.913421956036
602,2023-07-28T06:11:18.305963682,687,710,167.913421956036,687,710,167.913421956036
605,2023-07-31T01:42:28.314606725,687,710,170.21992500488264,687,710,170.21992500488264
608,2023-08-02T21:13:38.323249766,688,710,170.21992500488264,688,710,170.21992500488264
611,2023-08-05T16:44:48.331892808,686,710,171.6038268341906,686,710,171.6038268341906
614,2023-08-08T12:15:58.340535851,682,710,173.91032988303726,682,710,173.91032988303726
617,2023-08-11T07:47:08.349178892,682,710,173.44902927326794,682,710,173.44902927326794
620,2023-08-14T03:18:18.357821935,686,710,171.1425262244213,686,710,171.1425262244213
623,2023-08-16T22:49:28.366464979,689,710,168.3747225658053,689,710,168.3747225658053
626,2023-08-19T18:20:38.375108021,690,710,167.45212134626667,690,710,167.4521213462667
629,2023-08-22T13:51:48.383751063,691,710,167.45212134626667,691,710,167.4521213462667
632,2023-08-25T09:22:58.392394106,692,710,167.45212134626667,692,710,167.4521213462667
635,2023-08-28T04:54:08.401037147,693,710,167.913421956036,693,710,167.913421956036
638,2023-08-31T00:25:18.409680189,693,710,168.3747225658053,693,710,168.3747225658053
641,2023-09-02T18:31:25.566119256,695,710,167.45212134626667,695,710,167.4521213462667
644,2023-09-05T11:51:54.606741555,698,710,163.761716468112,698,710,163.761716468112
647,2023-09-08T05:12:23.647363854,703,710,160.99391280949604,703,710,160.99391280949604
650,2023-09-10T22:32:52.687986153,703,710,159.61001098018806,703,711,159.61001098018806
653,2023-09-13T15:53:21.728608452,705,710,158.6874097606494,705,711,158.6874097606494
656,2023-09-16T09:13:50.769230750,705,710,158.6874097606494,705,711,158.6874097606494
659,2023-09-19T02:34:19.809853049,707,710,159.61001098018806,707,716,159.61001098018806
662,2023-09-21T19:54:48.850475348,709,710,160.5326121997267,709,716,160.5326121997267
665,2023-09-24T13:15:17.891097647,707,710,161.9165140290347,707,716,161.9165140290347
668,2023-09-27T06:35:46.931719945,706,710,166.529520126728,706,710,166.529520126728
671,2023-09-29T23:56:15.972342249,705,710,166.06821951695866,705,710,166.06821951695866
674,2023-10-02T18:39:18.513396699,711,710,160.5326121997267,711,710,160.5326121997267
677,2023-10-05T14:10:28.522039741,716,710,155.4583054922641,716,710,155.4583054922641
680,2023-10-08T09:41:38.530682783,715,710,154.53570427272544,715,710,154.53570427272544
683,2023-10-11T05:12:48.539325825,713,710,154.99700488249476,713,710,154.99700488249476
686,2023-10-14T00:43:58.547968867,712,710,154.0744036629561,712,710,154.0744036629561
689,2023-10-16T20:15:08.556611910,712,710,154.53570427272544,712,710,154.53570427272544
692,2023-10-19T15:46:18.565254952,712,710,154.99700488249476,712,710,154.99700488249476
695,2023-10-22T11:17:28.573897994,712,710,154.99700488249476,712,710,154.99700488249476
698,2023-10-25T06:48:38.582541036,712,710,156.84220732157206,712,710,156.84220732157206
701,2023-10-28T02:19:48.591184078,712,710,157.30350793134141,712,710,157.3035079313414
704,2023-10-30T21:50:58.599827120,716,710,156.38090671180274,716,710,156.38090671180274
707,2023-11-02T16:02:04.459809834,716,710,157.30350793134141,716,710,157.3035079313414
710,2023-11-05T09:22:33.500432133,719,710,155.9196061020334,719,710,155.9196061020334
713,2023-11-08T02:43:02.541054432,719,710,153.15180244341744,719,710,153.15180244341744
716,2023-11-10T20:03:31.581676731,719,710,151.3066000043401,719,710,151.3066000043401
719,2023-11-13T13:24:00.622299029,721,710,150.38399878480146,721,710,150.38399878480146
722,2023-11-16T06:44:29.662921328,722,710,149.00009695549346,722,710,149.00009695549346
725,2023-11-19T00:04:58.703543627,726,710,146.6935939066468,726,710,146.6935939066468
728,2023-11-21T17:25:27.744165926,728,710,144.8483914675695,728,710,144.8483914675695
731,2023-11-24T10:45:56.784788225,733,710,141.61928719918419,733,710,141.6192871991842
734,2023-11-27T04:06:25.825410528,735,710,141.15798658941486,735,743,141.15798658941486
737,2023-11-29T21:26:54.866032826,738,710,141.61928719918419,738,743,141.6192871991842
740,2023-12-02T16:04:58.703543630,739,710,140.2353853698762,739,710,140.2353853698762
743,2023-12-05T11:36:08.712186672,740,747,138.3901829307989,740,747,138.3901829307989
746,2023-12-08T07:07:18.720829714,741,747,134.69977805264426,741,747,134.69977805264426
749,2023-12-11T02:38:28.729472756,741,710,135.6223792721829,741,710,135.6223792721829
752,2023-12-13T22:09:38.738115798,741,710,136.08367988195224,741,724,136.08367988195224
755,2023-12-16T17:40:48.746758840,735,710,141.15798658941486,735,710,141.15798658941486
758,2023-12-19T13:11:58.755401882,734,710,146.2322932968775,734,710,146.2322932968775
761,2023-12-22T08:43:08.764044924,725,710,156.38090671180274,725,740,156.38090671180274
764,2023-12-25T04:14:18.772687966,724,710,157.30350793134141,724,740,157.3035079313414
767,2023-12-27T23:45:28.781331008,722,710,164.22301707788134,722,732,164.22301707788134
770,2023-12-30T19:16:38.789974051,722,710,163.761716468112,722,732,163.761716468112
773,2024-01-02T14:47:48.798617092,722,710,161.9165140290347,722,718,161.9165140290347
776,2024-01-05T10:18:58.807260134,723,710,160.5326121997267,723,710,160.5326121997267
779,2024-01-08T05:50:08.815903177,718,710,162.37781463880404,718,710,162.37781463880404
782,2024-01-11T01:21:18.824546219,711,710,165.14561829742001,711,728,165.14561829742
785,2024-01-13T20:52:28.833189261,709,710,166.9908207364973,709,710,166.9908207364973
788,2024-01-16T16:23:38.841832303,702,710,171.6038268341906,702,714,171.6038268341906
791,2024-01-19T11:54:48.850475345,701,710,172.98772866349861,701,712,172.9877286634986
794,2024-01-22T07:25:58.859118387,705,710,171.1425262244213,705,710,171.1425262244213
797,2024-01-25T02:57:08.867761429,714,710,166.9908207364973,714,710,166.9908207364973
800,2024-01-27T22:28:18.876404476,717,710,166.06821951695866,717,710,166.06821951695866
803,2024-01-30T17:59:28.885047518,719,710,166.529520126728,719,710,166.529520126728
806,2024-02-02T11:05:26.707000846,719,710,169.29732378534396,719,710,169.29732378534396
809,2024-02-05T02:15:14.779602402,720,710,167.45212134626667,720,710,167.4521213462667
812,2024-02-07T17:25:02.852203957,724,710,162.37781463880404,724,710,162.37781463880404
815,2024-02-10T08:34:50.924805513,724,710,159.61001098018806,724,729,159.61001098018806
818,2024-02-12T23:44:38.997407068,723,710,160.0713115899574,723,710,160.0713115899574
821,2024-02-15T14:54:27.070008624,723,710,159.61001098018806,723,710,159.61001098018806
824,2024-02-18T06:04:15.142610179,721,710,160.5326121997267,721,710,160.5326121997267
827,2024-02-20T21:14:03.215211735,720,710,160.5326121997267,720,774,160.5326121997267
830,2024-02-23T12:23:51.287813291,720,710,185.44284512727052,720,770,185.4428451272705
833,2024-02-26T03:33:39.360414846,719,710,190.97845244450247,719,770,190.97845244450247
836,2024-02-28T18:43:27.433016402,719,710,193.74625610311844,719,775,193.74625610311844
839,2024-03-02T12:13:28.988764023,719,710,192.8236548835798,719,773,192.8236548835798
842,2024-03-05T07:44:38.997407065,720,710,189.59455061519446,720,775,189.5945506151945
845,2024-03-08T03:15:49.006050107,720,710,181.29113963934654,720,789,181.2911396393465
848,2024-03-10T22:46:59.014693149,720,710,181.29113963934654,720,784,181.2911396393465
851,2024-03-13T18:18:09.023336191,718,710,181.29113963934654,718,788,181.2911396393465
854,2024-03-16T13:49:19.031979233,718,710,180.82983902957722,718,789,180.8298390295772
857,2024-03-19T09:20:29.040622275,722,710,175.7555323221146,722,786,175.7555323221146
860,2024-03-22T04:51:39.049265317,725,710,170.21992500488264,725,787,170.21992500488264
863,2024-03-25T00:22:49.057908364,725,710,171.6038268341906,725,786,171.6038268341906
866,2024-03-27T19:53:59.066551406,726,710,174.83293110257594,726,782,174.83293110257594
869,2024-03-30T15:25:09.075194448,725,710,174.83293110257594,725,788,174.83293110257594
872,2024-04-02T09:48:41.694036281,702,710,184.9815445175012,702,784,184.9815445175012
875,2024-04-05T03:09:10.734658580,690,710,188.67194939565582,690,787,188.67194939565584
878,2024-04-07T20:29:39.775280879,691,710,186.36544634680916,691,789,186.3654463468092
881,2024-04-10T13:50:08.815903177,696,710,181.75244024911586,696,790,181.75244024911584
884,2024-04-13T07:10:37.856525476,698,710,180.3685384198079,698,791,180.3685384198079
887,2024-04-16T00:31:06.897147775,704,710,178.06203537096124,704,796,178.06203537096124
890,2024-04-18T17:51:35.937770074,710,710,176.2168329318839,710,791,176.2168329318839
893,2024-04-21T11:12:04.978392372,712,710,177.60073476119192,712,789,177.60073476119192
896,2024-04-24T04:32:34.019014671,712,710,184.9815445175012,712,790,184.9815445175012
899,2024-04-26T21:53:03.059636970,713,710,187.28804756634784,713,784,187.28804756634784
902,2024-04-29T15:13:32.100259269,714,710,187.28804756634784,714,789,187.28804756634784
905,2024-05-02T09:39:09.178910953,715,710,186.8267469565785,715,785,186.8267469565785
908,2024-05-05T05:10:19.187554,715,710,185.90414573703984,715,791,185.90414573703984
911,2024-05-08T00:41:29.196197037,715,710,181.29113963934654,715,787,181.2911396393465
914,2024-05-10T20:12:39.204840084,714,710,179.90723781003857,714,794,179.90723781003857
917,2024-05-13T15:43:49.213483122,716,710,178.06203537096124,716,790,178.06203537096124
920,2024-05-16T11:14:59.222126168,717,710,176.67813354165324,717,790,176.67813354165324
923,2024-05-19T06:46:09.230769206,716,710,177.13943415142256,716,790,177.13943415142256
926,2024-05-22T02:17:19.239412253,714,710,179.4459372002692,714,793,179.4459372002692
929,2024-05-24T21:48:29.248055290,712,710,183.5976426881932,712,784,183.5976426881932
932,2024-05-27T17:19:39.256698337,712,710,187.74934817611717,712,789,187.7493481761172
935,2024-05-30T12:50:49.265341374,715,710,195.59145854219577,715,786,195.59145854219577
938,2024-06-02T07:19:20.587726859,712,710,195.59145854219577,712,785,195.59145854219577
941,2024-06-05T00:39:49.628349153,707,710,196.97536037150374,707,790,196.9753603715037
944,2024-06-07T18:00:18.668971456,706,710,194.6688573226571,706,787,194.6688573226571
947,2024-06-10T11:20:47.709593751,706,710,192.8236548835798,706,792,192.8236548835798
950,2024-06-13T04:41:16.750216054,708,710,191.90105366404111,708,788,191.90105366404111
953,2024-06-15T22:01:45.790838348,708,710,191.4397530542718,708,792,191.4397530542718
956,2024-06-18T15:22:14.831460652,711,710,192.8236548835798,711,791,192.8236548835798
959,2024-06-21T08:42:43.872082955,711,710,196.0527591519651,711,790,196.0527591519651
962,2024-06-24T02:03:12.912705249,711,710,204.35617012781302,711,788,204.35617012781304
965,2024-06-26T19:23:41.953327553,711,710,213.58218232319962,711,784,213.5821823231996
968,2024-06-29T12:44:10.993949847,710,710,214.96608415250762,710,776,214.9660841525076
971,2024-07-02T07:04:49.369057888,710,710,213.58218232319962,710,779,213.5821823231996
974,2024-07-05T02:35:59.377700926,709,710,209.891777445045,709,792,209.891777445045
977,2024-07-07T22:07:09.386343973,710,710,208.04657500596767,710,788,208.04657500596767
980,2024-07-10T17:38:19.394987010,710,710,206.20137256689034,710,793,206.20137256689037
983,2024-07-13T13:09:29.403630057,711,710,206.20137256689034,711,793,206.20137256689037
986,2024-07-16T08:40:39.412273094,711,710,206.66267317665967,711,787,206.66267317665967
989,2024-07-19T04:11:49.420916141,711,710,208.507875615737,711,791,208.507875615737
992,2024-07-21T23:42:59.429559178,711,710,209.43047683527564,711,790,209.43047683527564
995,2024-07-24T19:14:09.438202225,710,710,211.7369798841223,710,790,211.7369798841223
998,2024-07-27T14:45:19.446845263,709,710,212.65958110366097,709,788,212.65958110366097
1001,2024-07-30T10:16:29.455488309,709,710,218.19518842089292,709,780,218.1951884208929
1004,2024-08-02T05:47:39.464131346,709,710,225.11469756743287,709,785,225.11469756743287
1007,2024-08-05T01:18:49.472774393,708,710,224.1920963478942,708,781,224.1920963478942
1010,2024-08-07T20:49:59.481417431,706,710,219.5790902502009,706,783,219.5790902502009
1013,2024-08-10T16:21:09.490060477,705,710,214.50478354273827,705,784,214.50478354273827
1016,2024-08-13T11:52:19.498703515,697,710,215.88868537204627,697,787,215.88868537204627
1019,2024-08-16T07:23:29.507346562,692,710,217.27258720135424,692,793,217.27258720135424
1022,2024-08-19T02:54:39.515989609,693,710,215.88868537204627,693,798,215.88868537204627
1025,2024-08-21T22:25:49.524632646,695,710,217.27258720135424,695,786,217.27258720135424
1028,2024-08-24T17:56:59.533275693,697,710,220.04039085997024,697,791,220.04039085997024
1031,2024-08-27T13:28:09.541918730,698,710,224.1920963478942,698,787,224.1920963478942
1034,2024-08-30T08:59:19.550561777,698,710,231.57290610420347,698,784,231.57290610420347
1037,2024-09-02T03:35:18.928262723,698,710,230.65030488466482,698,777,230.6503048846648
1040,2024-09-04T20:55:47.968885027,697,710,225.5759981772022,697,781,225.5759981772022
1043,2024-09-07T14:16:17.009507321,695,710,226.49859939674084,695,787,226.49859939674084
1046,2024-09-10T07:36:46.050129624,695,710,226.49859939674084,695,789,226.49859939674084
1049,2024-09-13T00:57:15.090751918,693,710,230.1890042748955,693,793,230.1890042748955
1052,2024-09-15T18:17:44.131374222,691,710,232.0342067139728,691,792,232.0342067139728
1055,2024-09-18T11:38:13.171996516,689,710,235.26331098235812,689,791,235.2633109823581
1058,2024-09-21T04:58:42.212618820,689,710,238.95371586051274,689,781,238.95371586051277
1061,2024-09-23T22:19:11.253241113,690,710,242.18282012889804,690,788,242.18282012889804
1064,2024-09-26T15:39:40.293863417,690,710,253.25403476336197,690,783,253.254034763362
1067,2024-09-29T09:00:09.334485711,690,710,254.63793659266994,690,774,254.63793659266997
1070,2024-10-02T03:13:19.654278282,689,710,252.3314335438233,689,781,252.3314335438233
1073,2024-10-04T22:44:29.662921319,686,710,252.79273415359265,686,786,252.79273415359265
1076,2024-10-07T18:15:39.671564366,688,710,247.25712683636067,688,787,247.25712683636067
1079,2024-10-10T13:46:49.680207403,692,710,243.10542134843672,692,790,243.10542134843672
1082,2024-10-13T09:17:59.688850450,698,710,236.6472128116661,698,794,236.6472128116661
1085,2024-10-16T04:49:09.697493497,704,710,226.95990000651017,704,802,226.95990000651017
1088,2024-10-19T00:20:19.706136534,708,754,250.02493049497667,708,798,229.7277036651261
1091,2024-10-21T19:51:29.714779581,709,758,247.71842744613002,709,752,250.486231104746
1094,2024-10-24T15:22:39.723422618,713,710,239.8763170800514,713,746,250.9475317145153
1097,2024-10-27T10:53:49.732065665,715,782,233.87940915305012,715,750,248.64102866566867
1100,2024-10-30T06:24:59.740708702,715,771,249.56362988520732,715,789,241.2602189093594
1103,2024-11-02T01:05:57.821953306,718,785,246.33452561682202,718,785,246.334525616822
1106,2024-11-04T18:26:26.862575600,718,768,250.94753171451532,718,768,250.9475317145153
1109,2024-11-07T11:46:55.903197903,718,771,235.26331098235812,718,771,235.2633109823581
1112,2024-11-10T05:07:24.943820197,718,773,230.65030488466482,718,773,230.6503048846648
1115,2024-11-12T22:27:53.984442501,717,774,230.65030488466482,717,774,230.6503048846648
1118,2024-11-15T15:48:23.025064795,717,775,229.72770366512614,717,775,229.7277036651261
1121,2024-11-18T09:08:52.065687098,717,774,229.72770366512614,717,774,229.7277036651261
1124,2024-11-21T02:29:21.106309393,725,772,226.95990000651017,725,772,226.95990000651017
1127,2024-11-23T19:49:50.146931696,731,770,226.49859939674084,731,770,226.49859939674084
1130,2024-11-26T13:10:19.187553990,728,768,239.8763170800514,728,790,229.7277036651261
1133,2024-11-29T06:30:48.228176294,725,765,246.79582622659134,725,765,246.79582622659132
1136,2024-12-02T00:38:59.844425207,718,763,251.40883232428465,718,763,251.40883232428465
1139,2024-12-04T20:10:09.853068254,711,760,253.25403476336197,711,760,253.254034763362
1142,2024-12-07T15:41:19.861711292,704,759,256.0218384219779,704,790,241.72151951912872
1145,2024-12-10T11:12:29.870354338,699,759,260.6348445196712,699,759,260.6348445196712
1148,2024-12-13T06:43:39.878997385,698,757,266.6317524466725,698,757,266.6317524466725
1151,2024-12-16T02:14:49.887640422,692,756,289.2354823253697,692,790,273.5512615932125
1154,2024-12-18T21:45:59.896283469,684,753,298.0001939109869,684,774,288.312881105831
1157,2024-12-21T17:17:09.904926507,682,754,331.2138378143787,682,754,331.2138378143787
1160,2024-12-24T12:48:19.913569554,673,752,346.8980585465359,673,752,346.8980585465359
1163,2024-12-27T08:19:29.922212591,669,749,365.3500829373091,669,749,365.3500829373091
1166,2024-12-30T03:50:39.930855638,669,746,380.57300305969693,669,715,394.8733219625462
1169,2025-01-01T23:21:49.939498675,674,745,381.0343036694663,674,745,381.0343036694663
1172,2025-01-04T18:52:59.948141722,677,744,380.11170244992763,677,744,380.1117024499276
1175,2025-01-07T14:24:09.956784759,679,744,374.5760951326957,679,744,374.5760951326957
1178,2025-01-10T09:55:19.965427806,680,742,370.88569025454103,680,719,381.4956042792356
1181,2025-01-13T05:26:29.974070843,679,741,369.50178842523303,679,725,376.8825981815423
1184,2025-01-16T00:57:39.982713890,677,739,373.1921933033877,677,739,373.1921933033877
1187,2025-01-18T20:28:49.991356928,677,737,376.8825981815423,677,737,376.8825981815423
1190,2025-01-21T15:59:59.999999974,677,737,375.95999696200363,677,737,375.9599969620036
1193,2025-01-24T11:31:10.008643012,676,736,374.11479452292633,676,736,374.11479452292633
1196,2025-01-27T07:02:20.017286058,677,735,375.037395742465,677,735,375.037395742465
1199,2025-01-30T02:33:30.025929096,677,732,384.72470854762093,677,732,384.7247085476209
1202,2025-02-01T19:56:28.418323225,678,732,399.48632806023943,678,732,399.4863280602394
1205,2025-02-04T08:55:35.522904033,679,732,396.25722379185413,679,732,396.2572237918541
1208,2025-02-06T21:54:42.627484850,682,729,379.6504018401583,682,718,384.7247085476209
1211,2025-02-09T10:53:49.732065666,681,731,373.1921933033877,681,731,373.1921933033877
1214,2025-02-11T23:52:56.836646474,679,731,372.26959208384903,679,744,366.2726841568477
1217,2025-02-14T12:52:03.941227291,676,730,374.5760951326957,676,730,374.5760951326957
1220,2025-02-17T01:51:11.045808099,668,729,381.0343036694663,668,729,381.0343036694663
1223,2025-02-19T14:50:18.150388915,661,727,387.4925122062369,661,727,387.4925122062369
1226,2025-02-22T03:49:25.254969723,659,725,393.02811952346883,659,725,393.0281195234688
1229,2025-02-24T16:48:32.359550539,661,730,399.48632806023943,661,737,396.2572237918541
1232,2025-02-27T05:47:39.464131348,665,721,404.5606347677021,665,721,404.5606347677021
1235,2025-03-01T20:47:30.129645610,670,717,404.09933415793273,670,717,404.09933415793273
1238,2025-03-04T16:18:40.138288647,670,721,378.72780062061963,670,735,372.269592083849
1241,2025-03-07T11:49:50.146931694,673,722,365.3500829373091,673,746,354.2788683028451
1244,2025-03-10T07:21:00.155574732,675,720,364.42748171777043,675,720,364.4274817177704
1247,2025-03-13T02:52:10.164217778,677,719,363.5048804982317,677,719,363.5048804982317
1250,2025-03-15T22:23:20.172860816,679,719,364.88878232753973,679,719,364.8887823275397
1253,2025-03-18T17:54:30.181503863,679,719,367.1952853763864,679,719,367.1952853763864
1256,2025-03-21T13:25:40.190146900,680,718,369.9630890350024,680,718,369.9630890350024
1259,2025-03-24T08:56:50.198789947,681,718,373.653493913157,681,718,373.653493913157
1262,2025-03-27T04:28:00.207432984,682,717,380.11170244992763,682,717,380.1117024499276
