date,season,stage,weight_status,A_accounts,C_accounts,M_boss,C_boss,B_total,bM_per_account,bC_per_account,w,E_main_equivalent_accounts,C_weighted_contribution,w_scenario_min,w_scenario_max,w_assumption_only_lower,w_assumption_only_upper,w_assumption_upper_unbounded,identity_relative_error,main_productivity_index,challenger_productivity_index,P_total,residual_outside_weekly_boss,q_main_lower_fixed_boss,q_main_upper_fixed_boss,source_boss_rewards,source_coin_exchange,source_field,source_other,source_serazar_coin,extra_boss_scope_difference,nonboss_residual,three_component_feasible,detected_sources_sum,total_minus_detected_sources
2025-08-21,2,post_leap,valid,363337.0,388357.0,227.10249776265715,192.9976655172272,420.1001632798843,0.0006250464383276,0.0004969594098142,0.7950759805045411,672110.3225608021,308773.32256080204,0.7138069874272384,0.8212785025834982,0.0,8.76041170598829,False,0.0,88.20498911777096,70.12966820820414,642.2141650989681,222.1140018190838,0.0006250464383276604,0.0012363632098623067,411.2916090541072,109.97907494853416,,,,-8.80855422577713,230.92255604486093,False,521.2706840026414,120.94348109632676
2025-08-28,2,post_leap,valid,356257.0,356370.0,235.6952181960246,188.34408956912284,424.0393077651474,0.0006615876128638,0.000528507140245,0.7988467891006662,640942.0302318044,284685.0302318044,0.6928778713277819,0.8314187542164765,0.0,7.997463310604143,False,1.6387885011817486e-16,93.36158821932858,74.58160497434922,691.9601166145297,267.92080884938235,0.0006615876128638163,0.0014136312466713832,435.39661178255295,132.57751500645213,122.03157631275708,,,11.357304017405568,256.5635048319768,True,690.0057031017623,1.9544135127674735
2025-09-04,2,post_leap,valid,350337.0,332895.0,236.64906152890168,184.44552882120996,421.0945903501116,0.0006754897756414,0.0005540651821781,0.8202421445269734,623391.5087023068,273054.50870230683,0.6861555265608195,0.8502118086252582,0.0,8.353384513134783,False,0.0,95.32342663856076,78.18829188967268,669.1036040626165,248.00901371250484,0.0006754897756414587,0.0013834053361232372,426.3572357593858,114.49876296011774,131.07095233592426,,,5.262645409274171,242.74636830323067,True,671.9269510554278,-2.8233469928113664
2025-09-11,2,post_leap,valid,344546.0,309117.0,242.0959155211395,176.05395741393647,418.149872935076,0.0007026519405859,0.0005695382570804,0.8105553036763437,595102.4238065203,250556.42380652032,0.6440619196907923,0.8251539664111833,0.0,8.195687945303021,False,0.0,99.15648337872454,80.3718134965204,651.9471013943443,233.79722845926824,0.000702651940585987,0.00138121802017846,409.7850463835792,108.47251227800628,131.07095233592426,,,-8.364826551496833,242.16205501076507,False,649.3285109975097,2.61859039683452
2025-09-18,2,post_leap,valid,354888.0,288952.0,249.72055864047977,171.37403170963185,421.0945903501116,0.000703660193189,0.0005930882351035,0.8428617120084345,598434.5774082611,243546.5774082612,0.5523003459889316,0.8526449375728088,0.0,8.015556763388869,False,0.0,99.29876546278878,83.69512745829016,656.3050864938896,235.21049614377796,0.0007036601931890618,0.00136643407155006,409.7850463835792,106.9659496074784,132.57751500645213,,,-11.30954396653243,246.5200401103104,False,649.3285109975097,6.976575496379837
2025-09-25,2,post_leap,valid,337959.0,240758.0,254.38697030549008,140.2051633092999,394.59213361479,0.0007527154782251,0.0005823489284231,0.7736640806115639,524224.8167198789,186265.8167198789,0.4875006906563143,0.8170561089982747,0.0,9.04625391471934,False,1.440387774464252e-16,106.22132451992589,82.17962337605101,628.1287404110743,233.53660679628433,0.00075271547822514,0.001443736006739795,391.7062943372449,112.99220028958987,126.55126432434064,,,-2.885839277545074,236.4224460738294,False,631.2497589511754,-3.1210185401010904
2025-10-02,2,post_leap,valid,317938.0,216580.0,260.73312181181484,127.96957697290364,388.7026987847185,0.0008200753663035,0.0005908651628631,0.7205010504418217,473984.1175046897,156046.11750468973,0.4584157043601845,0.7827911621596162,0.0,8.730697299162573,False,0.0,115.7269833487742,83.38141306725501,618.8230520859698,230.12035330125133,0.0008200753663035398,0.001543865392350289,397.73254501935634,103.95282426642268,119.01845097170133,,,9.02984623463783,221.0905070666135,True,620.7038202574804,-1.8807681715105673
2025-10-09,2,post_leap,valid,310420.0,198964.0,262.75670604858925,123.00127532109347,385.75798136968274,0.0008464554669434,0.0006182086976593,0.7303499378315621,455733.34503071895,145313.34503071892,0.4657751129780537,0.8003152781756017,0.0,9.196860791531712,False,1.280873258932975e-16,119.4496771314883,87.24006426698264,593.4354396926993,207.6774583230166,0.0008464554669434613,0.0015154763364847814,378.1472303024941,93.40688557272765,122.03157631275708,,,-7.61075106718863,215.28820939020522,False,593.5856921879789,-0.15025249527957385
2025-10-16,2,post_leap,valid,302160.0,185308.0,272.307294729034,104.61653439554156,376.9238291245755,0.0009012023256851,0.0005645548729441,0.62644631161483,418245.5131127209,116085.51311272092,0.3581785216467962,0.6942973231808205,0.0,8.805146027154798,False,0.0,127.17541682607084,79.66857079877066,570.5748891782056,193.6510600536301,0.0009012023256851801,0.001542091457448584,367.60129160879904,93.40688557272765,109.97907494853416,,,-9.322537515776446,202.97359756940654,False,570.9872521300608,-0.4123629518552434
2025-10-23,2,post_leap,valid,297683.0,169443.0,267.5689551351708,53.40524310372548,320.9741982388963,0.0008988385468272,0.0003151811706811,0.3506538207486646,357098.83534911595,59415.83534911597,0.1404835165858936,0.4163689021147496,0.0,5.902957808820667,False,1.2062257190822303e-16,126.8418462692975,44.47757802514393,507.75224786541116,186.77804962651487,0.0008988385468272317,0.0015262779693892017,314.8715981403238,85.87407222008831,100.93969892536695,,,-6.102600098572509,192.88064972508738,False,501.685369285779,6.066878579632146
2025-10-30,2,post_leap,valid,305432.0,150125.0,267.11500022604446,33.24617610760164,300.3611763336461,0.0008745481816772,0.0002214566268616,0.2532240435705982,343447.25954103604,38015.25954103605,0.1596164321744015,0.3318713137058821,0.0,6.266315137385512,False,0.0,123.4140507290915,31.25140495904748,505.83647757535863,205.47530124171254,0.0008745481816772456,0.001547284834161964,320.89784882243526,93.40688557272765,,,,20.53667248878918,184.93862875292336,True,414.3047343951629,91.53174318019575
2025-11-06,2,post_leap,valid,299525.0,134699.0,270.1843104609574,27.23214845765296,297.4164589186104,0.0009020426023235,0.0002021703832816,0.2241250942703505,329714.42607312195,30189.426073121947,0.1603344019157802,0.3105757055672941,0.0,6.414408593062473,False,0.0,127.29399456237552,28.529778531341904,469.6708292755053,172.25437035689492,0.000902042602323537,0.0014771343988576992,296.7928460939894,78.34125886744897,91.90032290219976,,,-0.6236128246209773,172.8779831815159,False,467.03442786363814,2.636401411867155
2025-11-13,2,post_leap,valid,296153.0,118308.0,275.32206126540274,25.03911506824336,300.3611763336461,0.0009296615643447,0.0002116434650931,0.2276564646859826,323086.5810240692,26933.58102406923,0.1769209413678938,0.3377348095446447,0.0,6.953436979935613,False,0.0,131.1915133628134,29.866596128981943,462.83430793817575,162.47313160452967,0.0009296615643447904,0.0014782737060571138,293.77972075293366,81.35438420850471,90.3937602316719,,,-6.581455580712429,169.0545871852421,False,465.5278651931103,-2.6935572549345466
2025-11-20,0,end_boundary_unresolved,season_end_boundary,326468.0,,,,282.6928718434316,,,,,,,,,,False,,,,437.93631378391717,155.24344194048558,,,275.70096870659927,76.83469619692112,,,,-6.99190313683232,162.2353450773179,False,352.5356649035204,85.40064888039677
2025-11-27,0,outside_season,outside_season,309116.0,0.0,273.8587195983244,0.0,273.8587195983244,0.0008859415869716,,0.0,309116.0,0.0,0.0,0.0,,,False,0.0,125.02185957077518,,441.1097653330759,167.25104573475153,0.001427003989871362,0.001427003989871362,269.67471802448785,90.3937602316719,81.35438420850471,,,-4.184001573836554,171.43504730858808,False,441.4228624646645,-0.3130971315885631
2025-12-04,0,outside_season,outside_season,299044.0,0.0,270.91400218328863,0.0,270.91400218328863,0.0009059335822932,,0.0,299044.0,0.0,0.0,0.0,,,False,0.0,127.84307991801744,,434.2393158501497,163.32531366686106,0.0014520917184432716,0.0014520917184432716,278.714094047655,75.32813352639324,84.36750954956044,,,7.8000918643663795,155.52522180249468,True,438.4097371236087,-4.170421273458999
2025-12-11,0,outside_season,outside_season,283675.0,0.0,279.7481544283959,0.0,279.7481544283959,0.000986157237784,,0.0,283675.0,0.0,0.0,0.0,,,False,0.0,139.1640414108821,,437.93631378391717,158.1881593555213,0.0015437959417781517,0.0015437959417781517,278.714094047655,73.82157085586539,88.88719756114403,,,-1.0340603807408684,159.22221973626216,False,441.42286246466443,-3.486548680747262
2025-12-18,3,pre_leap,missing_challenger_count,320480.0,,282.6928718434315,14.72358707517889,297.4164589186104,0.0008820920863811,,,,,,,,,False,,124.4786276813158,,482.36463547214055,184.94817655353017,,,293.77972075293366,105.45938693695057,,,,-3.636738165676718,188.5849147192069,False,399.23910768988424,83.12552778225631
2025-12-25,3,pre_leap,valid,341835.0,289845.0,288.58230667350296,29.44717415035764,318.0294808238606,0.0008442152110623,0.0001015962812895,0.1203440544048709,376716.1224489798,34881.12244897982,0.1203440544048703,0.1223430885031996,0.1203440544048703,0.4748119964701244,False,0.0,119.13353782807596,14.337012957826724,555.8629432867106,237.83346246284998,0.0008442152110623633,0.0015399703632932643,323.91097416349095,129.5643896653964,109.97907494853416,,,5.881493339630367,231.9519691232196,True,563.4544387774215,-7.59149549071094
2026-01-01,3,pre_leap,valid,312624.0,283614.0,291.5270240885388,32.391891565393266,323.91891565393206,0.0009325164545541,0.0001142111869138,0.1224763234537084,347360.00000000006,34736.00000000007,0.1224763234537083,0.1375406600016843,0.1224763234537083,0.472408676178589,False,1.1626627789681946e-16,131.59438832442962,16.11719686911576,593.4354396926993,269.5165240387673,0.000932516454554157,0.0017946272459161998,345.0028515508811,144.63001637067504,103.95282426642268,,,21.083935896949015,248.43258814181826,True,593.5856921879788,-0.15025249527946016
2026-01-08,3,pre_leap,valid,296529.0,257052.0,294.47174150357444,32.39189156539338,326.86363306896783,0.0009930622013481,0.0001260129917891,0.1268933523178197,329147.1900000002,32618.19000000019,0.1251383619085618,0.1439780375897779,0.126893352317819,0.4880513550685346,False,0.0,140.13845258849082,17.78263803758544,563.0434258242125,236.17979275524465,0.00099306220134818,0.0017895434654243568,326.9240995045467,122.03157631275708,108.47251227800628,,,0.06046643557886,236.1193263196658,True,557.42818809531,5.615237728902457
2026-01-15,3,post_leap,valid,284602.0,234425.0,310.49004723331734,31.09717291082924,341.58722014414656,0.0010909622814784,0.0001326529717855,0.1215926288540368,313106.3520191076,28504.3520191076,0.11099450916644,0.1636337873680614,0.0,2.809642072548331,False,1.987607071101045e-16,153.95386688893797,18.719655397270436,477.0502009423504,135.46298079820383,0.0010909622814784061,0.0015669356787075324,351.02910223299256,13.559064034750785,105.45938693695057,,27.11812806950157,9.441882088846,126.02109870935783,True,497.1656812741955,-20.115480331845106
2026-01-22,3,post_leap,valid,274108.0,217437.0,322.58179703023785,27.839575359015942,350.4213723892538,0.0011768419638618,0.0001280351336663,0.1087955202126096,297764.1715284692,23656.1715284692,0.0979787364946516,0.1605018134516921,0.0,2.687136237647056,False,0.0,166.072992741946,18.06799763862496,507.75224786541116,157.33087547615736,0.0011768419638618277,0.0017508160013804603,360.0684782561597,33.14437875161303,109.97907494853416,,27.11812806950157,9.647105866905918,147.68376960925144,True,530.3100600258085,-22.55781216039736
2026-01-29,3,post_leap,valid,266223.0,193637.0,329.87713360644966,23.48895619783986,353.3660898042895,0.0012391008049884,0.0001213040699754,0.0978968534982075,285179.45302083244,18956.453020832418,0.0882974253951568,0.1457147452486416,0.0,2.7497120901480603,False,0.0,174.85880459099,17.11812677591585,517.2726025128876,163.9065127085981,0.0012391008049884857,0.001854774554847056,388.6931689961892,,106.9659496074784,,24.10500272844584,35.32707919189966,128.57943351669843,True,519.7641213321134,-2.491518819225803
2026-02-05,3,post_leap,valid,257958.0,179372.0,336.2409979413414,20.06980927798387,356.3108072193253,0.0013034718750391,0.000111889309803,0.0858394507358609,273355.1939573928,15397.19395739285,0.0756659827008351,0.1446335215413646,0.0,2.8060827940081454,False,1.6635605159535414e-16,183.9426888996612,15.78953938202427,505.8611297993827,149.5503225800574,0.0013034718750391202,0.0018832186655246155,375.1341049614384,,109.97907494853416,,22.598440057917976,18.82329774211314,130.72702483794427,True,507.71161996789056,-1.8504901685078607
2026-02-12,3,post_leap,valid,257515.0,168935.0,345.9232658877453,19.221693576687223,365.1449594644325,0.0013433130725889,0.0001137815939662,0.0847022159524975,271824.1688519352,14309.168851935166,0.0728717850851787,0.1462511355179476,0.0,2.771533968148049,False,0.0,189.56497899017785,16.056573787456696,504.57879631625235,139.43383685181988,0.001343313072588957,0.001884772159833661,375.1341049614384,27.11812806950157,109.97907494853416,,21.09187738739011,9.98914549700595,129.44469135481393,True,533.3231853668643,-28.74438905061197
2026-02-19,3,post_leap,valid,254819.0,154821.0,354.4917289582322,16.542665336271824,371.034394294504,0.0013911510874708,0.0001068502679628,0.0768070908509857,266710.35061264044,11891.350612640455,0.0635583914664496,0.1510193494895876,0.0,2.862424853610748,False,0.0,196.31575992953,15.078442408387712,514.0991509637288,143.06475666922478,0.0013911510874708409,0.0019525878589408835,382.6669183140777,15.06562670527865,106.9659496074784,,21.09187738739011,11.63252401957368,131.4322326496511,True,525.7903720142249,-11.691221050496097
2026-02-26,3,post_leap,valid,251789.0,148798.0,359.34017811684504,14.638933592694675,373.9791117095397,0.0014271480410853,9.838125238709308e-05,0.0689355620824538,262046.47376674492,10257.473766744964,0.053322818826083,0.1477358969895597,0.0,2.8802606303619385,False,0.0,201.3955599366109,13.883316125140787,553.9292061215394,179.95009441199971,0.0014271480410853732,0.0021418341251160486,430.87692377096937,24.10500272844584,100.93969892536695,,19.585314716862243,56.89781206142965,123.05228235057007,True,575.5069401416445,-21.577734020105027
2026-03-05,3,post_leap,valid,248384.0,139917.0,362.7250312940273,11.25408041551242,373.9791117095397,0.0014603397613937,8.043397453856514e-05,0.0550789457802603,256090.48085673669,7706.480856736685,0.0366316752475562,0.1485969635019416,0.0,2.9217226403272414,False,0.0,206.07949243998516,11.350641190525511,514.0991509637288,140.12003925418907,0.0014603397613937585,0.0020244664332171813,396.2259823488285,24.10500272844584,97.92657358431124,,18.07875204633438,22.246870639288773,117.8731686149003,True,536.3363107079199,-22.237159744191104
2026-03-12,3,post_leap,valid,244263.0,132277.0,367.4711391457794,15.34212480886753,382.81326395464697,0.001504407704588,0.0001159848258492,0.0770966709992097,254461.11634976245,10198.11634976246,0.0548109796047278,0.1775713857601358,0.0,3.052546503757653,False,0.0,212.29825029786653,16.367488356922486,520.4460540620464,137.63279010739944,0.001504407704588003,0.0020678691789308198,396.2259823488285,12.05250136422292,100.93969892536695,,18.07875204633438,13.412718394181525,124.22007171321792,True,527.2969346847527,-6.850880622706313
2026-03-19,3,post_leap,valid,279166.0,138000.0,391.36890938433,29.72568096578164,421.0945903501116,0.0014019218292497,0.0002154034852592,0.1536487133341559,300369.52244011353,21203.522440113524,0.1075003388045096,0.2786049757570125,0.0,3.2367072463768123,False,0.0,197.83570005420145,30.397200764890066,558.5274726519523,137.43288230184066,0.0014019218292497294,0.0018942198967143945,430.87692377096937,,106.9659496074784,,16.572189375806516,9.782333420857753,127.65054888098291,True,554.4150627542542,4.112409897698058
2026-03-26,3,post_leap,valid,327578.0,154628.0,388.6630356272186,32.43155472289299,421.0945903501116,0.0011864747804407,0.0002097392110283,0.1767751110145345,354912.3818659554,27334.38186595545,0.1173426106080648,0.3270712950374974,0.0,3.389585327366325,False,1.82760255904091e-16,167.43235171020163,29.597872560995484,568.0478272994287,146.9532369493171,0.0011864747804407457,0.0016350801109248354,438.4097371236087,,106.9659496074784,,16.572189375806516,17.315146773497077,129.63809017582003,True,561.9478761068935,6.099951192535173
2026-04-02,3,post_leap,valid,320130.0,130670.0,395.4936857737926,28.54562199135481,424.0393077651474,0.0012354158803417,0.0002184558199384,0.1768277576924192,343236.0830976684,23106.083097668423,0.1144056394510243,0.3103533828190427,0.0,3.849861701778744,False,0.0,174.33879724683484,30.827938595951125,587.6748695472763,163.63556178212895,0.001235415880341713,0.0017465693548118625,462.51473985205456,21.09187738739011,109.97907494853416,,16.572189375806516,38.475432086907176,125.16012969522177,True,610.1578815637853,-22.48301201650895
2026-04-09,3,post_leap,valid,313838.0,119643.0,401.2395762542323,31.633883756022367,432.8734600102547,0.0012784926498838,0.0002644022947938,0.2068078332854676,338581.1095977732,24743.1095977732,0.1246364204583405,0.2814432288863564,0.0,4.02513310431868,False,1.6960632078472176e-16,180.41768315946328,37.31179014059259,568.4346861549432,135.56122614468848,0.0012784926498838009,0.001710439151405887,444.4359878057202,21.09187738739011,109.97907494853416,,15.06562670527865,11.562527795465485,123.99869834922299,True,590.5725668469231,-22.137880691979944
2026-04-16,0,end_boundary_unresolved,season_end_boundary,329305.0,,,,435.8181774252904,,,,,,,,,,False,,,,580.7416334960641,144.92345607077368,,,450.4622384878316,15.06562670527865,112.99220028958987,,15.06562670527865,14.644061062541198,130.27939500823248,True,593.5856921879788,-12.84405869191471
2026-04-23,0,outside_season,outside_season,338004.0,0.0,438.76289484032617,0.0,438.76289484032617,0.0012980997113653,,0.0,338004.0,0.0,0.0,0.0,,,False,0.0,183.18458260654552,,583.0748759683954,144.31198112806925,0.0017250531827090669,0.0017250531827090669,444.4359878057202,9.03937602316719,116.0053256306456,,13.559064034750785,5.673092965394005,138.63888816267524,True,583.0397534942838,0.03512247411163116
2026-04-30,0,outside_season,outside_season,332744.0,0.0,447.5970470854334,0.0,447.5970470854334,0.0013451694007568,,0.0,332744.0,0.0,0.0,0.0,,,False,0.0,189.8269393755295,,640.9042301985003,193.30718311306686,0.0019261180673385554,0.0019261180673385554,509.2181826384184,,117.51188830117349,,13.559064034750785,61.62113555298498,131.68604756008187,True,640.2891349743427,0.6150952241575851
2026-05-07,0,outside_season,outside_season,326800.0,0.0,456.4311993305406,0.0,456.4311993305406,0.001396668296605,,0.0,326800.0,0.0,0.0,0.0,,,False,0.0,197.09433467502924,,590.6743906029266,134.24319127238596,0.00180744917565155,0.00180744917565155,461.00817718152666,18.07875204633438,116.0053256306456,,13.559064034750785,4.576977850986054,129.6662134213999,True,608.6513188932574,-17.976928290330875
2026-05-14,0,outside_season,outside_season,327108.0,0.0,459.3759167455764,0.0,459.3759167455764,0.001404355493432,,0.0,327108.0,0.0,0.0,0.0,,,False,0.0,198.17913265305555,,571.2212788485875,111.84536210301115,0.0017462773116175315,0.0017462773116175315,450.4622384878316,18.07875204633438,109.97907494853416,,13.559064034750785,-8.913678257744778,120.75904036075593,False,592.079129517451,-20.85785066886342
2026-05-21,0,outside_season,outside_season,326406.0,0.0,468.2100689906836,0.0,468.2100689906836,0.0014344407547369,,0.0,326406.0,0.0,0.0,0.0,,,False,0.0,202.4246894361748,,588.2526229690943,120.0425539784107,0.0018022114267785957,0.0018022114267785957,461.00817718152666,18.07875204633438,112.99220028958987,,12.05250136422292,-7.201891809156962,127.24444578756766,False,604.1316308816739,-15.879007912579596
2026-05-28,0,outside_season,outside_season,329278.0,0.0,479.9889386508266,0.0,479.9889386508266,0.0014577012088594,,0.0,329278.0,0.0,0.0,0.0,,,False,0.0,205.70714650966227,,656.9044706758757,176.91553202504912,0.001994984392142432,0.001994984392142432,534.829748037392,18.07875204633438,109.97907494853416,,12.05250136422292,54.84080938656547,122.07472263848365,True,674.9400763964835,-18.035605720607805
2026-06-04,0,outside_season,outside_season,332640.0,0.0,488.8230908959338,0.0,488.8230908959338,0.0014695258865317,,0.0,332640.0,0.0,0.0,0.0,,,False,0.0,207.37581543000525,,637.8637613809228,149.04067048498905,0.0019175798502312495,0.0019175798502312495,515.2444333205298,,111.485637619062,,12.05250136422292,26.42134242459599,122.61932806039306,True,638.7825723038147,-0.9188109228919075
2026-06-11,0,outside_season,outside_season,336357.0,0.0,506.4913953861483,0.0,506.4913953861483,0.0015058149388481,,0.0,336357.0,0.0,0.0,0.0,,,False,0.0,212.49683567487435,,639.1633653486704,132.67196996252204,0.0019002529019722211,0.0019002529019722211,503.1919319563069,6.02625068211146,120.5250136422292,,12.05250136422292,-3.29946342984141,135.97143339236345,False,641.7956976448705,-2.632332296200161
2026-06-18,4,pre_leap,missing_challenger_count,393763.0,,512.3808302162212,97.1756746961782,609.5565049123994,0.0013012416865378,,,,,,,,,False,,183.62797027970163,,857.3034025030339,247.7468975906345,,,662.8875750322605,42.18375477478022,147.64314171173078,,36.15750409266876,53.331070119861124,194.41582747077337,True,888.8719756114403,-31.56857310840644
2026-06-25,4,pre_leap,valid,432475.0,472376.0,512.1817689078451,168.04795396541215,680.2297228732573,0.0011843037606979,0.0003557504063826,0.3003878043695462,574370.9894768688,141895.98947686877,0.2949951915333757,0.3046230660724985,0.2034513937108482,1.1377475997810536,False,0.0,167.12598283735392,50.2026070376152,1072.6991596510863,392.46943677782906,0.0011843037606979483,0.0020918000015854657,875.3129115766895,42.18375477478022,164.2153310875373,,37.66406676319662,195.08318870343226,197.3862480743968,True,1119.3760642022037,-46.67690455111733
2026-07-02,4,pre_leap,valid,395729.0,450911.0,518.4971422797536,205.90334181903995,724.4004840987935,0.0013102328671382,0.0004566385424596,0.3485170872388928,552879.1883239765,157150.1883239764,0.3404257466210567,0.3565859298336734,0.1964823319371658,1.1785197395621625,False,1.654976301813534e-16,184.8967831844393,64.43968831528188,1040.099476446841,315.69899234804745,0.0013102328671382526,0.002107998490451296,834.6357194724372,27.11812806950157,173.25470711070446,,31.637816081085163,110.23523537364372,205.46375697440374,True,1066.6463707337286,-26.546894286887664
2026-07-09,4,pre_leap,valid,372451.0,431527.0,518.490808320614,235.3568499285371,753.847658249151,0.0013921047555802,0.0005454046906185,0.3917842306279536,541516.473690189,169065.47369018896,0.3830639403450506,0.4004924150687666,0.1890600235023644,1.2412201542981316,False,0.0,196.4503391864507,76.96614499476412,1015.5044957308223,261.65683748167135,0.0013921047555802346,0.002094631631549614,804.5044660618798,24.10500272844584,179.28095779281594,,28.62469074002944,50.65680781272886,211.0000296689425,True,1036.515117323171,-21.01062159234857
2026-07-16,4,pre_leap,valid,364034.0,412846.0,524.0470189225312,259.2478134769772,783.2948323995084,0.001439555148482,0.0006279528286018,0.4362131101847838,544122.8376873473,180088.8376873473,0.4231746693248387,0.4492191060515021,0.1892376776445458,1.310289356385113,False,0.0,203.1464198820558,88.6151316396556,1040.8921081240928,257.5972757245844,0.0014395551484820955,0.0021471738756465484,825.59634344927,,191.33345915703885,,25.611565398973703,42.30151104976153,215.29576467482286,True,1042.5413680052825,-1.6492598811896642
2026-07-23,4,post_leap,valid,350778.0,399123.0,535.9580237405683,279.72870022433324,815.6867239649015,0.0015279123084702,0.0007008583825646,0.4587032768040983,533857.0279478822,183079.02794788213,0.4274381847974886,0.4902533525646709,0.0,3.547446685949858,False,0.0,215.61516117443404,98.90338095935668,1102.7261534704119,287.0394295055104,0.001527912308470224,0.002346206014191536,876.8194742472174,,188.32033381598316,,22.598440057917976,61.1327502823159,225.9066792231945,True,1087.7382481211184,14.987905349293442
2026-07-30,4,post_leap,valid,338148.0,380114.0,547.9947452951455,294.1944354050777,842.1891807002232,0.0016205766270838,0.0007739636935368,0.4775853733800892,519684.8866169992,181536.88661699925,0.4387497311180857,0.516947856903969,0.0,3.5739920683074886,False,0.0,228.69171791282275,109.21981948832948,1293.9960742605092,451.80689356028597,0.0016205766270838376,0.002956698365376792,1104.310437496925,24.10500272844584,170.24158176964875,,19.585314716862243,262.1212567967018,189.68563676358417,True,1318.242336711882,-24.246262451372786
2026-08-06,4,post_leap,valid,332303.0,367949.0,559.3519509268257,309.3396865087195,868.6916374355452,0.001683258805749,0.0008407134861318,0.4994558669530979,516077.2867895254,183774.28678952545,0.4557114941712031,0.5472431646019374,0.0,3.537229570764786,False,0.0,237.53727009585057,118.63938316939524,1158.4151096879323,289.72347225238707,0.0016832588057490473,0.0025551241583109774,965.7066718083614,21.09187738739011,173.25470711070446,,15.06562670527865,97.01503437281622,192.70843787957085,True,1175.1188830117346,-16.703773323802352
2026-08-13,4,post_leap,valid,327645.0,354963.0,572.8939386925333,322.3001554783336,895.1940941708668,0.0017485203152574,0.0009079823966958,0.5192861580004614,511972.37250231777,184327.37250231777,0.4623784282338618,0.5765494526896345,0.0,3.5309937735965216,False,0.0,246.7468109923656,128.13220347909154,1155.1363638938103,259.9422697229435,0.0017485203152574687,0.002541885908271076,965.7066718083614,18.07875204633438,176.2678324517602,,13.559064034750785,70.51257763749459,189.4296920854489,True,1173.6123203412067,-18.475956447396356
2026-08-20,4,post_leap,valid,332295.0,343054.0,599.7583667726744,344.7359559994829,944.4943227721574,0.0018048973555806,0.0010049028899225,0.556764564375595,523295.3108673054,191000.31086730532,0.486307866396818,0.6262815255633232,0.0,3.3480453387904623,False,0.0,254.70259783198625,141.80938092725816,1183.6974278362397,239.20310506408237,0.0018048973555806571,0.0025247490086722844,995.8379252189188,,182.29408313387165,,10.545938693695057,51.34360244676145,187.8595026173209,True,1188.6779470464855,-4.980519210245802
