date,season,share_before,share_after,change_percentage_points,M_mean_before,M_mean_after,C_mean_before,C_mean_after
2024-08-22,0,0.0,0.0,0.0,51.04976322960052,51.04976322960052,,
2024-08-29,0,0.0,0.0,0.0,53.764802142061264,53.764802142061264,,
2024-09-05,0,0.0,0.0,0.0,55.296942639392206,55.296942639392206,,
2024-09-12,0,0.0,0.0,0.0,57.71032480349651,57.71032480349651,,
2024-09-19,0,0.0,0.0,0.0,57.94855193503426,57.94855193503426,,
2024-09-26,0,0.0,0.0,0.0,58.20490185040943,58.20490185040943,,
2024-10-03,0,0.0,0.0,0.0,59.367619542757346,59.367619542757346,,
2024-10-10,0,0.0,0.0,0.0,61.12522811040692,61.12522811040692,,
2024-10-17,0,0.0,0.0,0.0,57.54004738542008,57.54004738542008,,
2024-10-24,0,0.0,0.0,0.0,58.99493967242757,58.99493967242757,,
2024-10-31,0,0.0,0.0,0.0,58.73366976129652,58.73366976129652,,
2024-11-07,0,0.0,0.0,0.0,61.381162245399985,61.381162245399985,,
2024-11-14,0,0.0,0.0,0.0,63.62510185623243,63.62510185623243,,
2024-11-21,0,0.0,0.0,0.0,60.70580966099913,60.70580966099913,,
2024-11-28,0,0.0,0.0,0.0,58.39507044838126,58.39507044838126,,
2024-12-05,0,0.0,0.0,0.0,64.12073129748815,64.12073129748815,,
2024-12-12,0,0.0,0.0,0.0,51.59192708566689,51.59192708566689,,
2024-12-19,1,0.16216216216216214,0.16216216216216214,0.0,48.3424409813502,48.3424409813502,20.40066795242213,20.40066795242213
2024-12-26,1,0.22499999999999995,0.22499999999999995,0.0,47.301756007455495,47.301756007455495,15.564822495439174,15.564822495439174
2025-01-02,1,0.2585899347624776,0.2585899347624776,0.0,50.06386960165899,50.06386960165899,17.997757652344774,17.997757652344774
2025-01-09,1,0.255864516990255,0.255864516990255,0.0,53.02858025782594,53.02858025782594,18.941651730986273,18.941651730986273
2025-01-16,1,0.2751697243937954,0.2751697243937954,0.0,53.63721330612448,53.63721330612448,22.426826703896854,22.426826703896854
2025-01-23,1,0.2636878547256072,0.2636878547256072,0.0,55.70994853781692,55.70994853781692,23.535574005004296,23.535574005004296
2025-01-30,1,0.27240561245627654,0.27240561245627654,0.0,57.53005863873589,57.53005863873589,26.828742083668345,26.828742083668345
2025-02-06,1,0.2681603445919669,0.2681603445919669,0.0,58.79347022763191,58.79347022763191,28.556241063275696,28.556241063275696
2025-02-13,1,0.2704609134183787,0.2704609134183787,0.0,58.847414565198086,58.847414565198086,31.60790356875228,31.60790356875228
2025-02-20,1,0.27423841068030147,0.27423841068030147,0.0,58.58017604768848,58.58017604768848,35.86928454351573,35.86928454351573
2025-02-27,1,0.26704379423431357,0.26704379423431357,0.0,58.13952938724489,58.13952938724489,30.42277174066411,30.42277174066411
2025-03-06,1,0.24418231841920732,0.24418231841920732,0.0,60.3211115626192,60.3211115626192,29.867586631490937,29.867586631490937
2025-03-13,1,0.2378234127981883,0.2378234127981883,0.0,64.22036347939394,64.22036347939394,32.739932441610115,32.739932441610115
2025-03-20,1,0.2366642099787272,0.2366642099787272,0.0,66.03454650898618,66.03454650898618,36.2835710418854,36.2835710418854
2025-03-27,1,0.21928036100779366,0.21928036100779366,0.0,68.28892013253666,68.28892013253666,39.201269411669735,39.201269411669735
2025-04-03,1,0.20325494948611914,0.20325494948611914,0.0,70.61997776541018,70.61997776541018,39.829188555252166,39.829188555252166
2025-04-10,1,0.16049531683373294,0.16049531683373294,0.0,75.77109264608109,75.77109264608109,35.765979368101895,35.765979368101895
2025-04-17,1,0.06941946353681386,0.06941946353681386,0.0,68.69470369365716,68.69470369365716,15.073921096756257,15.073921096756257
2025-04-24,1,0.025087653888353302,0.025087653888353302,0.0,62.38062362541419,62.38062362541419,6.431630901318998,6.431630901318998
2025-05-01,1,0.02089128565399351,0.02089128565399351,0.0,65.74467738188116,65.74467738188116,6.331441613030224,6.331441613030224
2025-05-08,1,0.020783380905528465,0.020783380905528465,0.0,64.77102233364589,64.77102233364589,7.163575848572028,7.163575848572028
2025-05-15,1,0.04333996759979348,0.04333996759979348,0.0,67.00198862353844,67.00198862353844,18.19640094821732,18.19640094821732
2025-05-22,0,,,,,,,
2025-05-29,0,0.0,0.0,0.0,66.14077128838647,66.14077128838647,,
2025-06-05,0,0.0,0.0,0.0,65.1953895659978,65.1953895659978,,
2025-06-12,0,0.0,0.0,0.0,52.617125257495694,52.617125257495694,,
2025-06-19,2,0.20430107526881724,0.20430107526881724,0.0,44.91165175087237,44.91165175087237,,
2025-06-26,2,0.3153153153153153,0.31531531531531526,-5.551115123125783e-15,44.41151840425399,44.411518404254,15.845054780992275,15.845054780992273
2025-07-03,2,0.35664197561162814,0.3566252655030102,-0.0016710108617923325,51.29361548223769,51.294947744918225,19.661835744449235,19.660914508494454
2025-07-10,2,0.3752752893354561,0.37530693053529257,0.003164119983645186,55.57476671462641,55.57195195114825,24.136603633939856,24.138638702916303
2025-07-17,2,0.44779145446005447,0.44887387839207354,0.1082423932019072,55.278888142191164,55.17053199315328,32.48740905249371,32.5659392448354
2025-07-24,2,0.4613383005903268,0.46128466392484985,-0.005363666547697488,53.35427290488668,53.35958559983177,35.892251588730865,35.88807864083294
2025-07-31,2,0.46056066138057544,0.4591665011200842,-0.13941602604912173,56.54696561685117,56.69310907853518,38.80847242420118,38.690995543170985
2025-08-07,2,0.46358624898819256,0.460807905985676,-0.2778343002516559,58.0598643097372,58.36058407582774,42.21528284179227,41.962280221592174
2025-08-14,2,0.45440941538345286,0.45101841781428065,-0.3390997569172216,60.1738059529936,60.5478029307051,44.99034210201942,44.654604910976765
2025-08-21,2,0.4593823806524298,0.45940868960968695,0.0026308957257137333,62.507685746262176,62.504643832766035,49.69309504398987,49.695940981423576
2025-08-28,2,0.4456831862702608,0.4441665810694996,-0.15166052007612452,65.97824547350389,66.15876128638163,53.031172598312615,52.850714024503425
2025-09-04,2,0.43930978991550007,0.43801448189551895,-0.1295308019981123,67.39328541628504,67.54897756414587,55.570367840088046,55.40651821781942
2025-09-11,2,0.4218471376705236,0.42103075669539064,-0.08163809751329798,70.16611596713386,70.2651940585987,57.064259492345926,56.95382570804468
2025-09-18,2,0.4070714164723787,0.4069727696267624,-0.009864684561633474,70.35431431534333,70.36601931890618,59.32319948042442,59.30882351035184
2025-09-25,2,0.35440482582224364,0.3553166709759385,0.09118451536948569,75.37801248974368,75.271547822514,58.08544529551547,58.23489284231465
2025-10-02,2,0.32616995839412877,0.3292222497373992,0.30522913432704524,82.38070180174162,82.00753663035398,58.538712295824716,59.086516286316204
2025-10-09,2,0.31452308643233845,0.31885607365623864,0.43329872239001865,85.18400568693436,84.64554669434612,60.98077587719443,61.82086976593428
2025-10-16,2,0.27445290247764986,0.27755351694934943,0.310061447169957,90.50701290983122,90.12023256851799,55.824810000771414,56.455487294418774
2025-10-23,2,0.17048504021293467,0.16638484774398207,-0.41001924689526015,89.4417548683746,89.88385468272317,32.29481247031314,31.51811706811463
2025-10-30,2,0.11774704123417674,0.11068732821405403,-0.7059713020122718,86.7605674974274,87.45481816772455,23.55812810318312,22.145662686162623
2025-11-06,2,0.0981749147345159,0.09156234512598103,-0.661256960853486,89.54765826680048,90.2042602323537,21.67709893538647,20.217038328163504
2025-11-13,2,0.08748014565848936,0.08336335399229328,-0.4116791666196079,92.54862752625283,92.96615643447905,22.209520451552358,21.16434650931751
2025-11-20,0,,,,,,,
2025-11-27,0,0.0,0.0,0.0,88.59415869716365,88.59415869716365,,
2025-12-04,0,0.0,0.0,0.0,90.5933582293203,90.5933582293203,,
2025-12-11,0,0.0,0.0,0.0,98.61572377840695,98.61572377840695,,
2025-12-18,3,0.04950495049505004,0.04950495049505004,0.0,88.20920863811516,88.20920863811516,,
2025-12-25,3,0.09259259259259314,0.09259259259259314,0.0,84.42152110623633,84.42152110623633,10.159628128950866,10.159628128950866
2026-01-01,3,0.10000000000000019,0.10000000000000019,0.0,93.2516454554157,93.2516454554157,11.421118691388036,11.421118691388036
2026-01-08,3,0.09909909909909963,0.09909909909909963,0.0,99.30622013481799,99.30622013481799,12.60129917891842,12.60129917891842
2026-01-15,3,0.09103728440925432,0.09103728440925432,0.0,109.09622814784062,109.09622814784062,13.265297178555716,13.265297178555716
2026-01-22,3,0.07944599716963407,0.07944599716963407,0.0,117.68419638618276,117.68419638618276,12.803513366637668,12.803513366637668
2026-01-29,3,0.06647201549772117,0.06647201549772117,0.0,123.91008049884857,123.91008049884857,12.130406997546885,12.130406997546885
2026-02-05,3,0.05632669251491439,0.05632669251491439,0.0,130.347187503912,130.347187503912,11.188930980300087,11.188930980300087
2026-02-12,3,0.052641267744405335,0.052641267744405335,0.0,134.3313072588957,134.3313072588957,11.37815939662428,11.37815939662428
2026-02-19,3,0.044585261071892125,0.044585261071892125,0.0,139.1151087470841,139.1151087470841,10.685026796282044,10.685026796282044
2026-02-26,3,0.039143719887928856,0.039143719887928856,0.0,142.71480410853732,142.71480410853732,9.838125238709308,9.838125238709308
2026-03-05,3,0.030092804820214623,0.030092804820214623,0.0,146.03397613937585,146.03397613937585,8.043397453856514,8.043397453856514
2026-03-12,3,0.040077307276074836,0.040077307276074836,0.0,150.44077045880033,150.44077045880033,11.598482584929753,11.598482584929753
2026-03-19,3,0.0705914577080336,0.0705914577080336,0.0,140.19218292497294,140.19218292497294,21.540348525928724,21.540348525928724
2026-03-26,3,0.0770172675358483,0.0770172675358483,0.0,118.64747804407457,118.64747804407457,20.97392110283583,20.97392110283583
2026-04-02,3,0.06731833928746224,0.06731833928746224,0.0,123.54158803417131,123.54158803417131,21.845581993843126,21.845581993843126
2026-04-09,3,0.07307882482625053,0.07307882482625053,0.0,127.84926498838009,127.84926498838009,26.440229479386478,26.440229479386478
2026-04-16,0,,,,,,,
2026-04-23,0,0.0,0.0,0.0,129.80997113653277,129.80997113653277,,
2026-04-30,0,0.0,0.0,0.0,134.51694007568383,134.51694007568383,,
2026-05-07,0,0.0,0.0,0.0,139.66682966050814,139.66682966050814,,
2026-05-14,0,0.0,0.0,0.0,140.43554934320665,140.43554934320665,,
2026-05-21,0,0.0,0.0,0.0,143.4440754736995,143.4440754736995,,
2026-05-28,0,0.0,0.0,0.0,145.7701208859464,145.7701208859464,,
2026-06-04,0,0.0,0.0,0.0,146.95258865317876,146.95258865317876,,
2026-06-11,0,0.0,0.0,0.0,150.58149388481533,150.58149388481533,,
2026-06-18,4,0.15942028985507015,0.15942028985507015,0.0,130.1241686537895,130.1241686537895,,
2026-06-25,4,0.24704588511008568,0.24704588511008568,0.0,118.43037606979483,118.43037606979483,35.575040638265314,35.575040638265314
2026-07-02,4,0.2842396524281711,0.2842396524281711,0.0,131.02328671382526,131.02328671382526,45.66385424596871,45.66385424596871
2026-07-09,4,0.31220744317912347,0.31220744317912347,0.0,139.21047555802346,139.21047555802346,54.540469061851766,54.540469061851766
2026-07-16,4,0.33097092276583734,0.33097092276583734,0.0,143.95551484820953,143.95551484820953,62.795282860189324,62.795282860189324
2026-07-23,4,0.34293643871586393,0.34293643871586393,0.0,152.7912308470224,152.7912308470224,70.0858382564606,70.0858382564606
2026-07-30,4,0.3493210814706441,0.3493210814706441,0.0,162.05766270838376,162.05766270838376,77.39636935368802,77.39636935368802
2026-08-06,4,0.3560983819550948,0.3560983819550948,0.0,168.32588057490474,168.32588057490474,84.07134861318268,84.07134861318268
2026-08-13,4,0.36003382682819146,0.36003382682819146,0.0,174.85203152574687,174.85203152574687,90.79823966958065,90.79823966958065
2026-08-20,4,0.36499526538990573,0.36499526538990573,0.0,180.48973555806572,180.48973555806572,100.49028899225279,100.49028899225279
